label;top_2_pxcount;top2_fruitcount;top2_maxfruit;top2_minfruit;left2_pxcount;left2_fruitcount;left2_maxfruit;left2_minfruit;right2_pxcount;right2_fruitcount;right2_maxfruit;right2_minfruit
10;18099863;10;43564;10829;22555055;10;61728;34;22303892;9;56416;1506
10;16315046;10;30955;13065;16790206;9;41473;0;23767331;7;78170;5365
10;21155906;10;51588;14457;25537009;8;75792;2596;32134934;8;111926;15964
10;22960444;9;57817;19276;25193853;6;75559;18553;29746207;10;113262;0
10;18918426;10;42642;13955;22052044;16;49695;0;21841879;9;51941;1044
10;22931893;10;38625;20614;27289301;8;91634;39;23572054;12;63963;0
10;17907873;10;42809;15305;23690408;11;69158;4;20428286;8;62748;2470
10;20555913;10;33896;16470;25358472;8;72023;54;24741492;9;67429;49
10;22244491;10;53957;13469;23832977;7;76749;0;28656992;12;89683;0
10;19329624;11;47371;0;23819926;11;50428;448;19983413;4;103465;25991
10;22560178;10;42475;19427;24468355;8;45113;10797;29500147;12;65914;0
10;19954496;10;33659;16967;19784074;7;40361;15486;23889370;10;60016;3047
10;19063957;11;45486;121;22215275;5;119287;0;20926103;9;49409;2731
10;19323725;10;49422;12403;22851704;10;51384;0;21926108;7;73631;2974
10;19169839;10;43582;12676;21910886;9;75876;6812;22889045;9;62672;2604
10;19912766;10;44621;13395;23069780;12;55106;3;24476623;9;58941;4185
10;19697228;10;32379;13238;26000526;15;77863;0;21517489;9;57021;211
10;21402554;8;75266;15364;24078111;10;44090;3;25299342;8;84189;3
10;21785446;10;41735;17601;27200401;12;89936;0;25043689;7;54192;9666
10;20460824;11;36068;247;29439369;14;76212;0;22635673;8;50521;4739
10;20003022;10;52347;10854;22570686;8;73965;0;21378155;8;77143;1159
10;18787648;10;44767;15593;17754236;8;43445;3269;25970110;10;52672;2934
10;19504937;10;34251;15182;19805700;13;44782;0;24292926;10;61994;3253
10;16322772;10;33339;14858;20902173;14;34868;0;25097390;7;110104;42
10;23134907;10;35420;17699;25128187;8;57943;7022;24887954;8;65164;163
10;19674092;10;49233;11397;23025910;9;38634;7821;23091355;11;87029;0
10;19600971;10;36874;15960;22003749;8;52433;26;25347072;8;79917;5435
10;20347394;10;39118;15218;20102811;7;61262;5332;22332671;7;74715;0
10;20160274;10;40577;14141;23650811;9;89567;61;22729984;10;67718;0
10;19595453;10;38545;14349;21284000;9;71163;2827;24830132;9;76680;0
10;19543199;10;31662;15573;23595069;10;53599;438;20949510;12;68751;0
10;20813793;10;38190;14016;23603977;10;57017;3647;25178677;7;59929;11483
10;20353327;12;38181;349;26080956;11;69879;2;20424594;10;43554;1161
10;21686011;10;55177;13962;30813168;13;70743;0;24248728;9;77980;2177
10;19816465;10;33488;15086;21740700;10;45470;0;24000716;10;60828;3018
10;15950627;10;31202;14464;22028197;10;66546;89;20848414;8;48028;1620
10;19777062;10;31672;17674;24141761;10;50119;72;23034252;11;53206;3856
10;21841151;10;39734;12155;25548914;11;90251;26;23577299;10;59263;0
10;18186564;10;41970;11051;21386886;12;72171;134;24081659;10;46067;741
11;22876300;10;60689;10828;23921812;9;57939;2181;23128505;10;53448;29
11;24228950;12;53613;25;27959069;10;55579;239;28712842;9;128251;233
11;22124495;11;33659;14227;27023550;8;64119;8749;27007106;7;59517;10471
11;23330389;11;53243;14784;27438868;11;89832;0;26720783;12;53674;4
11;23185544;11;54129;16728;27150183;9;51375;5037;26621532;10;56795;7
11;17888701;11;31359;13256;24580782;9;56811;12437;21775968;11;48690;2
11;23614375;12;38743;290;27686864;10;80055;0;23973340;8;62921;10
11;21574973;11;53173;11790;26974402;11;65599;0;21503807;10;35933;0
11;20637736;11;43927;11203;26143636;10;89155;0;22318921;12;57194;30
11;18133606;11;27288;13801;22514415;6;93165;4616;20584714;9;56593;955
11;19511616;11;43084;13976;23983750;9;119158;38;20981112;9;42868;4
11;19118652;11;41005;14381;24163073;11;94803;2;21904048;11;49852;354
11;22262561;11;39944;14900;29192201;9;64791;10375;24016568;11;49332;0
11;23649143;10;49269;13354;29705235;7;83664;15859;27449879;9;69515;4
11;17831233;11;33524;13568;24561821;11;33700;2;25378308;8;96127;7814
11;21323483;11;43786;13087;23721510;10;48411;4314;21132519;9;65513;680
11;20616584;11;45801;68;29909873;12;103075;9;23504290;9;66613;5842
11;19471701;11;67712;129;23052273;9;90788;5410;20943072;10;39955;3182
11;21510964;11;43271;14817;23186722;11;48405;0;21053378;9;72187;3314
11;23865411;12;53992;441;32381725;11;61585;5;23879734;10;87773;0
11;23311371;11;32924;13270;26873764;8;79192;356;24941174;6;87549;14475
11;22423249;11;36536;14749;25257152;9;44747;4373;24404731;9;58798;1714
11;23396405;11;50850;15409;28340931;8;90934;1077;22965618;10;53887;3132
11;20861296;12;43948;28;24663206;7;83317;4629;20082389;8;54804;4984
11;22051098;11;30423;16382;26284954;11;85502;0;21983373;10;58309;0
11;20786156;11;44942;14586;25788090;10;74399;11059;20741826;10;49565;10
11;18170528;11;30475;14802;25211118;12;58148;0;20713172;9;62087;4804
11;21812393;11;40460;14345;22300514;7;68344;2082;25203054;9;49803;5184
11;23663958;11;52693;14964;33071004;8;124779;38;23419596;7;101886;2
11;21195921;11;49225;9304;25253677;7;91004;5616;22085355;6;113087;0
11;23099028;11;40310;16087;28795302;9;70825;1143;23111027;9;55158;364
11;22089143;11;38521;15753;27227969;8;66076;174;21812883;8;75106;5193
11;23638705;11;52596;15777;24910903;11;54854;79;26074369;17;54653;0
11;21137597;10;41216;14443;24353791;6;73745;2407;20340096;7;46413;7642
11;24505513;10;59298;13438;31066147;10;74837;3440;21804258;12;49847;0
11;19707941;11;45955;11416;23510781;11;76628;556;20698765;12;41462;33
11;20541937;10;53726;14068;26846279;10;76312;4172;23659570;12;74606;0
11;22876399;12;54552;361;27950309;9;75778;673;27663474;8;171634;0
11;22321030;11;41170;13993;25932942;10;64208;0;21480768;6;89952;12859
11;18267361;11;27276;13508;22946776;10;47245;3445;19120645;7;46803;5122
11;21623590;12;49086;565;25637971;12;52014;0;22565764;7;68515;769
11;21933663;11;32144;8791;26335395;7;56176;2904;26850735;7;48467;28577
11;23313257;11;38449;13352;28615341;9;69224;4569;26706240;12;66948;4
12;21729218;12;41121;12432;24751076;12;72839;54;22424000;11;61064;327
12;24813411;12;33700;13204;27638125;8;64941;6538;27911643;9;84546;0
12;22049410;12;45876;13751;24886333;10;75171;935;25249279;9;85165;331
12;22751285;12;47819;8699;25204889;10;76207;4055;24806459;10;55703;2330
12;21784729;11;62259;28;29155167;11;66679;0;23392510;9;61638;541
12;24952265;11;45498;16126;28811033;13;52896;0;22303171;9;48165;3691
12;25324044;12;46054;11248;33603929;13;74003;952;25255229;8;81851;4037
12;24379853;12;39319;12654;32223299;12;93114;511;23090082;11;45420;0
12;22908020;12;46756;9742;23323933;12;88585;0;22283957;12;47433;0
12;23474047;11;39693;12941;25204382;6;77153;0;25235796;9;54211;4348
12;26689046;13;40331;0;29935068;12;69846;1364;27087120;10;51878;1132
12;24860516;12;44586;173;29239399;8;111645;5939;26888395;9;53438;11140
12;26575780;15;43048;121;26202501;7;71741;7751;28216091;14;62050;0
12;21354395;12;37487;14911;27893379;8;86971;4671;25674530;10;63670;4373
12;24446393;13;34405;3186;29440057;12;64028;0;28365548;11;69990;0
12;25053800;12;37809;13902;20799544;9;68294;0;28899978;10;77312;3348
12;25220178;12;55614;14547;30982729;9;50819;5151;27520132;8;75532;9872
12;23557646;12;43117;13663;29270651;12;50540;3161;21367962;11;57553;165
12;24136049;13;37338;63;29163734;7;118458;10220;20593693;8;63997;1809
12;26125198;12;39410;15147;31017378;9;85913;144;29125647;12;57155;46
12;24293757;12;33654;14732;28289280;7;85823;11663;24104426;7;77893;7890
12;22701320;12;47700;10140;21961516;9;59487;2393;23971868;9;67101;4285
12;22924318;12;44805;12400;26691902;11;61705;1676;24252778;11;58237;3624
12;22756986;12;47240;8156;27985223;10;53551;1039;23130653;8;76422;2102
12;20258598;12;32487;13833;28505240;9;66031;6683;24263793;9;56421;10260
12;25061013;12;37438;12083;26481775;11;71651;0;23372807;11;46504;0
12;24942498;12;35273;15960;29512764;9;62678;3425;26577380;10;59722;277
12;26234293;12;41665;9972;31706873;11;74403;0;26712670;10;79462;0
12;24849845;12;62021;102;31999003;10;73481;0;26590473;8;70477;9
12;23729619;12;43158;14718;27407563;11;57258;7912;24924186;14;60799;0
12;24721971;11;40131;13301;30078478;6;211594;0;26226016;8;56915;15490
12;20710734;12;36246;12954;26744720;10;66113;17;25201552;14;61777;0
12;25318660;12;53663;14337;26397091;11;64200;2019;23745825;12;53853;0
12;19710176;12;30281;5333;26063966;8;66601;52;22084486;9;71364;0
12;25282540;12;50685;12484;31066120;16;58307;1;26812142;8;169578;0
12;21800647;13;40745;269;26189016;7;102823;7857;24760543;8;54840;5422
12;24245499;12;47178;16016;28894196;11;80383;738;24402612;10;45992;435
12;24919968;12;52437;16544;27905677;13;57126;90;26833061;10;57634;1665
12;23543368;11;45164;14386;25086517;11;112925;0;23127819;9;59268;610
12;25854787;12;35092;15526;26296558;6;83479;1778;27861096;10;43714;3635
13;27232965;12;89425;43;31798595;12;76766;0;27402597;10;66609;1535
13;26695416;13;47667;14;31063172;11;52728;2941;25670185;12;75957;0
13;25997887;12;35531;20180;32198730;11;67970;540;27616422;11;94806;0
13;27335088;13;49020;15807;29900821;11;66027;2286;27737740;12;52416;321
13;27332025;11;83546;16206;29871697;13;57178;0;28325746;6;78154;29736
13;26395217;14;34002;0;31795226;10;66967;2189;29082093;10;59263;227
13;24650202;13;51318;10280;27537675;8;94146;4421;25601577;9;70349;1833
13;26060771;14;36470;0;30209572;12;60793;2412;26199799;9;127010;432
13;25449009;13;43196;14100;29831500;12;56695;6253;22530166;8;70646;143
13;24239871;12;45473;11904;32717288;10;75797;4922;24838421;10;66853;0
13;27361321;13;35267;12974;30777341;11;69735;3169;27562446;11;59911;0
13;24990576;12;39484;12316;28105750;10;63351;2129;26036625;11;62382;829
13;26048022;14;41754;681;28234392;13;91899;113;24148901;9;61730;4568
13;26040271;13;41470;13190;29300176;10;62796;1154;24558396;11;55856;5031
13;22766448;12;46653;11476;26574374;8;92540;12;23627109;9;46346;1394
13;26611335;12;31893;16159;31548852;11;76064;0;25726886;8;79336;0
13;24759432;13;36717;12252;32101885;11;76367;0;23584238;8;102813;1705
13;25565758;13;39511;12105;32549199;7;88491;13024;23233208;9;64825;6106
13;26986354;13;34951;13944;30734836;8;125747;4549;29318382;9;64752;3566
13;26639462;13;31930;14760;28312097;11;74741;0;28327633;12;50003;0
13;27625544;13;46496;16960;32160895;12;66013;3826;24842588;11;76238;0
13;25648681;14;48816;122;32021109;10;85358;1591;30759633;12;70472;88
13;23713131;12;46503;9653;27624115;14;69198;0;24317998;9;50708;1927
13;26416157;13;39904;12639;27807080;11;59079;0;26566895;9;67532;4654
13;23969666;13;50221;10914;31432761;14;81955;0;24564103;10;75268;2916
13;23680308;13;46295;12729;27002931;9;89363;781;25405063;11;43625;2430
13;26277933;14;49142;182;31394630;10;72706;754;30842942;11;89101;0
13;27134936;14;49991;828;35445924;9;81675;4090;25761254;11;70434;0
13;24309122;13;44892;12996;26305359;12;79773;0;27503350;11;49429;2755
13;24162330;13;43869;9384;29750049;11;79941;2132;23113370;12;53138;337
13;24404939;13;49673;10488;30229530;11;98406;35;24442595;12;42538;4001
13;24402383;13;37419;10434;29924197;11;101659;424;22045085;11;55778;0
13;27115485;11;51203;16959;34892675;13;77881;0;27542932;12;48324;0
13;29179385;12;52766;16221;27040289;10;69528;5184;29232657;14;63145;31
13;25564595;13;34033;11468;29081841;7;77142;4757;31624398;9;54859;22988
13;23829791;13;48297;5650;28173471;6;101275;2297;24730452;12;50600;11
13;23376849;13;50050;2420;25824611;10;104871;0;21884126;9;71771;326
13;27915666;13;39072;13567;31691082;11;61076;1859;28203902;11;54229;30
13;26539974;13;41726;13141;29845206;9;69051;10135;25327965;10;63855;1963
13;26672678;13;46620;17257;30348569;11;64459;143;25938139;14;58732;200
14;26545708;15;42097;156;28561878;8;113218;3553;25867857;13;87428;125
14;29874908;14;46713;15033;34426344;12;85236;4050;28545995;11;61153;1893
14;26593700;15;43738;605;26805909;10;77587;2528;26218847;10;90068;1012
14;28250050;12;47788;176;31882757;11;79484;2117;31820153;11;65496;0
14;29050365;14;42145;14295;29849053;13;72069;0;29569896;15;53019;0
14;28654851;14;36176;13449;30744895;11;73589;2929;29377309;10;62303;9
14;27199088;14;40399;11112;25891654;10;68096;10;25725308;13;60438;0
14;29805575;13;55744;11190;33639672;11;80594;268;27287719;11;90641;0
14;28085410;15;44110;76;33223838;11;75087;2;29371565;13;93321;0
14;26328979;11;61934;15267;32078598;11;64382;0;23763278;10;67159;562
14;29159374;14;34217;7517;32659009;13;59709;35;26666865;11;57757;1
14;30667811;14;50435;16485;35243105;10;89587;1540;26215021;13;57905;0
14;30512589;14;46825;14362;37189475;12;70630;7;24337881;12;57918;0
14;24854435;14;44060;4766;27883422;10;80228;1480;30573709;14;53685;0
14;29879578;14;55462;131;32783782;9;75087;530;28120036;7;110579;12082
14;28148234;14;33082;13646;33452676;9;72370;3199;25053450;9;49702;1934
14;25585368;14;43637;7082;35861096;12;81584;59;25563518;13;60504;0
14;28265395;13;56544;14510;38379867;13;78344;0;25979672;10;71773;0
14;26057174;14;47400;9794;24160145;10;52252;105;29048902;11;62153;0
14;26333976;13;38256;11545;32367292;6;116584;7662;34714905;9;176986;0
14;28285707;16;43211;0;31924980;9;78822;175;26613581;10;60453;6492
14;29518354;13;59010;14551;29239629;9;70570;2798;30119759;11;55471;411
14;28722918;13;50063;13951;29081656;10;93223;7;32486229;14;61945;0
14;25749506;14;49093;8194;31120572;9;148749;14;23687850;13;40715;102
14;28321558;13;50258;17357;31711054;13;60920;768;31184613;9;65180;8357
14;25469421;14;41570;9901;32953195;13;63275;87;22454636;10;51433;1431
14;26715628;14;40202;13995;29401458;13;68226;865;27154331;12;66866;1094
14;26028295;14;48777;9726;28995587;12;66085;0;25612685;11;52320;3039
14;26253134;14;45241;11400;32424915;14;89494;0;24868660;10;46749;1542
14;26460408;12;60777;12949;31469590;11;59376;40;28859310;7;59271;16634
14;25387363;14;49119;9502;31836787;13;97828;0;22906297;12;39083;0
14;29494998;16;36877;229;33350578;11;99954;706;27898578;10;90533;2870
14;28311125;15;33322;59;34880008;13;69991;40;29183825;10;71199;77
14;25326166;14;41871;2371;23993103;6;103025;14524;30430557;12;77179;0
14;25348078;14;42101;12271;34382012;12;52020;476;25723436;10;73474;2637
14;27120648;14;65582;0;33879725;12;71747;1422;24262051;10;51651;3400
14;29129868;14;44834;9064;28838804;9;69573;1;31886265;10;103897;302
14;29132757;15;47341;4;34041025;11;86616;0;29770029;12;73834;0
14;27822607;14;34854;12314;31450951;8;82682;9827;27957696;10;89396;5156
14;29412993;13;62301;10941;29394069;9;79587;0;27744703;8;94119;2258
15;30765042;15;44748;1572;38733491;10;117560;0;29236890;9;66058;4195
15;29311687;14;52774;9792;34085388;12;70210;261;29844076;11;83546;134
15;33278893;14;56845;11576;35906419;11;98503;2583;29651971;11;49324;237
15;29839428;14;47131;14464;35779015;7;116476;15194;31303170;8;85005;22086
15;30437132;14;43898;10446;33058850;13;65207;0;30862964;10;107451;7558
15;28216564;15;37356;9525;26489259;10;81624;1225;29522339;13;83768;0
15;31923161;14;59804;9296;36026588;11;74575;1109;31868690;10;66013;9467
15;26615075;15;44709;2772;33593222;8;92248;2456;24507652;10;50933;2035
15;29584493;14;57048;11933;28318154;8;64220;985;33908558;11;55725;25
15;31130566;14;48813;12787;33305489;8;111174;8436;33072695;8;60597;15577
15;29801115;16;43723;0;29006277;10;69037;251;31248042;13;54203;475
15;30345363;14;56182;11409;30940248;9;79238;0;29334458;14;45187;73
15;31672398;15;43623;9229;34863536;11;77416;1201;31167992;10;83974;193
15;29195437;14;45072;11683;35971815;11;78972;487;32429434;11;89375;1570
15;29346054;14;43415;11611;31042954;17;80028;0;25866415;13;63677;0
15;27561791;15;49589;134;29907949;12;46030;0;25643850;9;60106;25
15;28769479;14;57976;43;32879743;10;91108;2;29759760;12;60368;0
15;33636060;15;45395;13226;38065954;9;105433;3466;29774498;11;42305;10
15;30881036;14;51416;13835;33216116;11;69399;31;32018175;12;77074;10
15;30932766;15;41110;10680;35443934;8;100110;9522;30899412;16;68238;0
15;27857207;15;43138;8696;33104008;12;76692;13;27138090;13;58368;77
15;27888281;15;42516;6246;29653469;12;75462;0;27588652;15;50872;2
15;29169437;15;60062;8;35968608;16;70615;4;28610648;9;65565;21
15;30000648;14;45897;10749;37414194;5;155056;32099;32127647;14;71768;0
15;27325125;15;43020;6077;30420243;11;85168;1521;28522370;12;59585;0
15;27899383;11;72381;12226;33946496;11;66502;4311;34898218;12;56836;4
15;29986699;14;47178;7866;34465609;7;117517;18176;31202692;13;97930;234
15;31898648;15;53329;5;34452992;10;80879;15;32866449;11;47816;8772
15;27283219;17;40044;11;27725130;12;42158;1598;28745012;7;80307;594
15;31314464;15;37580;13609;32078386;9;66395;72;31195406;11;42290;32
15;27830687;15;43308;591;31312839;9;85391;6891;26167084;10;58028;1254
15;29175655;13;56808;11256;35730183;12;92809;3;28762345;11;66648;4743
15;29376678;15;40356;12340;31769990;12;78241;3824;25818587;10;50624;85
15;29324206;14;48677;9524;34462684;13;73481;0;32856944;14;89649;0
15;27324332;14;49474;11179;26890023;10;49790;5298;28916279;13;68119;0
15;28845449;11;52874;16867;35499714;12;64543;730;31479721;11;58100;0
15;27560439;15;49061;11229;30348698;12;50256;12;25314544;10;56434;0
15;28979080;13;57467;296;34302241;12;95896;760;28972270;8;73223;6033
15;30344925;16;55997;0;38568345;8;157869;11891;32544611;9;121848;2614
15;30175668;15;38627;14694;33353881;11;79910;99;26530143;14;44158;0
16;32996625;14;69719;5581;31545776;8;61338;6880;41248071;14;73077;1194
16;31045062;16;44049;18;34621717;11;86968;0;31623520;10;87751;1701
16;31514227;16;37458;10;35213518;12;61164;37;33200720;11;64572;1803
16;29869483;16;39499;10406;29425825;14;59842;731;31677376;10;60685;7903
16;29026905;16;45751;6069;30186841;16;48886;0;28631486;16;63547;0
16;30744624;16;38564;10513;34792390;8;109304;3119;26364191;17;44359;0
16;30120284;15;47223;12650;34931584;10;199277;123;29545723;8;78358;8323
16;29760073;16;48245;0;36706675;12;67797;401;31850399;18;93553;0
16;29362370;16;36992;7656;32789195;16;68928;1;28998374;9;92856;2770
16;30386786;14;46585;12060;37812117;12;91028;0;29811928;9;85673;5529
16;31290166;17;68065;335;33961117;8;87943;2312;35510153;10;110919;32
16;30210542;16;53380;1291;29763078;11;84947;0;31112655;11;85884;1961
16;27975643;16;43562;883;41316141;10;110055;5950;26121126;8;71899;3504
16;29286736;16;48835;183;35940975;9;144243;244;28833675;13;94473;266
16;29715682;14;44538;10631;34212614;9;84566;1017;32963131;13;88390;429
16;30876717;18;41038;2;38019170;12;71561;33;31670068;13;59555;52
16;30827805;16;44371;4258;33928964;11;84556;1;32333106;10;94127;0
16;31675434;16;78494;108;37237450;11;122064;177;33526406;12;104451;9
16;33735238;18;41748;0;38395784;13;68791;0;31968500;11;99556;1842
16;28276961;16;48890;3304;30242342;12;53450;302;28646087;13;60486;0
16;31930000;15;50962;80;38715004;10;103307;1;33430079;13;52476;1465
16;28550527;16;36944;7576;30000674;12;87865;2;27300680;13;61097;858
16;31832514;16;36854;10075;35006389;12;150068;0;29166405;11;103395;0
16;28469533;14;52937;2222;31933095;17;63328;12;31871127;12;66937;294
16;28968475;15;40404;9722;30551736;13;59397;0;32619152;12;75968;434
16;26856630;15;43485;2469;33005287;11;85408;269;30855215;8;95835;5694
16;30949780;16;42950;2797;41581556;16;97304;0;29725891;9;94228;8136
16;30764178;18;38537;189;34246248;10;144551;2;31059536;10;75691;37
16;29448169;15;49800;11397;33340640;14;86381;0;29221988;16;61832;0
16;30952348;16;35510;6414;37290063;10;101268;695;30138181;12;72370;0
16;32426755;16;48056;7492;32143306;10;73865;502;35827640;15;50465;0
16;32979461;16;49463;409;32084604;9;82855;2920;36777604;15;51454;0
16;31387916;16;40432;11893;33409728;15;81193;0;25681596;12;60212;2896
16;28431167;16;43198;8258;34779664;16;53063;0;25261566;13;44590;0
16;29811958;16;40336;993;35555338;13;75441;2617;29921443;10;52816;387
16;30690767;16;37853;12955;37928993;8;125216;2265;32694830;11;44260;4677
16;33141879;16;48257;313;39015055;10;89937;2092;30622115;11;40493;8679
16;28715807;15;47878;9651;34747253;13;105123;205;28638422;12;72195;4
16;31819739;13;75947;11005;37418747;12;94025;833;32908407;13;93297;61
16;33080777;17;51636;101;40505852;11;73710;0;33774448;11;55643;0
17;31134118;15;48589;8044;36438604;10;131257;1;31567385;12;72947;4125
17;28056995;14;66161;3675;37645447;12;96786;3720;29444316;13;70153;0
17;31020630;16;38399;5032;37078655;13;51546;1248;33083959;9;106964;1884
17;31697136;16;42924;6808;36503975;14;94996;0;31252891;11;93597;0
17;33824837;18;73190;0;33613373;6;166254;50;36717546;13;84984;5654
17;31398512;16;39777;530;35911572;15;56714;3;36275912;12;83549;967
17;32933101;18;40743;1;36619248;10;84132;0;33452231;10;66587;4090
17;29841736;17;44765;9101;38077816;16;64569;26;23536408;13;48266;0
17;34480338;16;53807;7025;37407229;13;91722;0;35468013;15;56007;55
17;29371374;17;45581;116;32123082;13;48947;0;30013718;9;91663;0
17;34669029;16;62069;67;45572182;12;101538;0;32902976;10;101049;0
17;32100038;16;37143;9185;37702844;11;72604;1976;35757351;13;55989;2605
17;31497017;17;51740;28;37941001;10;96799;9306;31292150;11;79274;308
17;31093016;17;38716;7659;37567602;13;78980;0;31948075;15;64051;13
17;29954408;17;41125;5353;33851734;12;83007;10;33477217;10;106660;2699
17;35077348;15;89698;947;36489549;8;237040;603;39101546;14;121218;0
17;30202983;17;44295;9682;33340266;14;54845;0;27866192;9;62201;5724
17;31493762;17;43988;1488;37445461;14;90147;0;28511630;12;139495;27
17;34956477;18;68480;628;35287766;8;127025;30;35762444;12;108626;1884
17;29999529;15;52596;2972;32440495;12;70570;103;37532868;13;55460;0
17;34267587;16;43836;10709;44505688;9;90150;158;31276953;10;162608;0
17;32123701;17;43744;1342;38096090;14;62349;742;30223638;11;87476;861
17;32617436;17;49625;3942;36470817;15;83547;0;32660043;12;76779;1336
17;29623550;16;39368;5283;32828852;9;112114;9;33255324;13;63801;0
17;33802690;16;53278;5280;38394413;19;57072;174;33874416;13;78841;0
17;32753407;17;51393;10;36616430;11;83170;5659;33360583;12;89410;0
17;30526021;17;38771;469;32145288;9;115974;86;33782906;12;75238;0
17;32240248;17;42797;14;37191519;15;65623;90;29128385;13;63218;151
17;34265232;16;68608;253;43530462;12;92230;1330;30847664;11;79979;0
17;35375608;17;49704;37;37183340;11;104672;0;36953063;10;93674;2031
17;33402785;17;41097;11966;37806326;16;137769;0;32261174;10;92577;161
17;34635745;15;110463;6812;35561587;11;98607;49;35092474;11;92290;376
17;33371396;17;46618;7867;37339661;11;83004;422;33256429;11;78930;1042
17;31759581;16;50048;352;37380317;13;83671;150;33603130;10;76918;1956
17;29107641;14;71711;7376;31289353;15;51273;0;29092930;9;72674;0
17;31931484;16;47111;7246;33162143;14;52027;134;33735387;10;62684;159
17;31030143;15;49467;8917;34879193;13;74279;1309;29262091;9;103034;111
17;30301791;13;62285;7753;35991633;12;69572;199;32080604;10;69282;240
17;34159778;15;47241;3498;37410282;14;58595;0;32686294;12;69311;640
17;31730559;17;37090;3055;35092790;11;106779;98;33726281;9;89381;2228
18;31939470;18;38996;8;29903885;11;96285;294;37087355;15;85302;0
18;31953818;18;47071;3605;36833726;15;86322;0;29682788;12;46021;2774
18;33145658;19;45136;82;37190981;11;102886;399;33652455;10;73409;13402
18;33821268;17;62947;0;41467768;16;57553;0;31976243;10;73284;397
18;34631349;20;67329;10;39815847;11;70301;703;28339434;10;74161;0
18;34609969;19;47639;47;37994144;13;75777;0;34194734;12;68666;428
18;31254199;17;55472;6348;36568625;8;157639;0;27201344;11;63887;1
18;31024677;16;63803;9117;33513749;12;46145;1397;28864376;17;56731;0
18;32468716;16;45409;7177;36265633;13;71249;15;34031663;16;74256;0
18;30895415;19;43502;2386;31701487;10;44941;6694;30456396;12;62594;22
18;32287811;17;42275;5020;41671842;12;178230;238;25628520;10;73276;2
18;30629653;17;45105;8216;40907543;13;79625;687;31325833;11;81873;99
18;31410981;15;49324;32;39431670;12;136349;0;32565858;15;122828;0
18;33220845;18;40827;0;41753140;11;96727;114;33921992;10;71211;2513
18;34276703;17;46307;131;38534461;10;115031;0;37812828;15;59265;0
18;33829867;18;44451;4276;38029953;13;61564;2724;33268256;9;69775;12218
18;31710843;16;51679;11143;35924696;15;81067;0;32711109;13;59900;0
18;32867063;16;44700;935;35090955;13;80676;0;34420405;12;80388;5828
18;30889698;18;68856;2858;36391308;11;72011;39;34067459;12;113508;684
18;34691463;17;69607;0;39485432;8;112607;1774;33678085;11;149684;0
18;32676842;18;64779;100;34417627;13;66558;0;36076378;10;57484;2789
18;35761729;15;67034;8178;37371756;6;269367;5;35663020;13;91300;2
18;35400337;18;58783;4368;34004993;10;69455;1140;39385714;10;126135;0
18;34902286;16;71379;7392;41279723;8;118431;13809;35832063;12;74561;68
18;34499568;18;42196;4200;36148111;13;65798;1037;31662595;12;89179;125
18;34514849;17;73378;49;38706058;7;158754;0;35801101;12;123823;15
18;35635912;18;46038;4590;39394345;11;94741;0;35001484;11;58258;200
18;33836464;18;37975;8983;34338710;12;55412;1370;34804776;12;81324;80
18;32699004;16;47471;4586;33963203;9;69398;14778;37320994;11;96954;106
18;34591233;17;40705;3201;38214851;12;76474;54;36935503;10;121586;1577
18;33551980;18;41261;8169;36622188;12;54846;1682;37185124;10;63271;2517
18;33932387;19;43855;22;36306448;14;57035;36;37883324;8;95393;13
18;35245599;18;75947;141;39630345;11;90079;1119;33924852;7;134784;15568
18;31039700;17;49824;5888;30826994;11;77942;0;31789997;12;62054;244
18;31854332;16;44581;2666;37152500;15;84167;0;33710525;13;54145;47
18;34393161;17;43092;918;40123565;16;66106;2;31006675;8;71315;6188
18;30067542;16;38663;1847;38482855;12;77386;266;31410309;12;54248;7578
18;32255451;18;44937;282;36358992;15;84810;0;33510542;15;97404;0
18;29971088;18;41887;5258;36908411;12;76978;750;32112111;14;45193;1217
18;35401220;15;42026;15774;38661592;8;84284;3553;37794461;11;66638;55
19;31170466;18;43081;0;42315133;14;116449;0;29035352;10;79084;0
19;32924375;15;41328;11957;39396899;10;111083;9579;34689557;11;77170;359
19;34721404;19;41367;463;44792598;15;67100;920;30825361;10;91508;4397
19;32855028;18;41928;1015;41376996;10;85974;4;33100433;12;60421;3247
19;32935889;16;57953;1645;40399404;14;103284;0;33020337;10;95575;715
19;35567442;18;63075;0;45969468;12;95890;29;34679490;11;62581;6079
19;34509607;21;55400;5;44298919;13;129297;0;32483533;13;71559;547
19;35050214;19;37689;5260;42298588;15;82340;58;29809224;14;55884;0
19;34045637;19;40983;781;39849550;13;71458;11;31894908;13;49435;379
19;35749635;21;39681;392;43610629;10;118219;45;34628141;10;63226;2922
19;33492949;16;54834;404;41234737;10;109596;19059;35829992;11;65911;1419
19;31778075;18;37917;5548;34040302;14;52258;206;27250686;10;62874;373
19;35577081;19;54432;7;52681327;13;97983;0;31032213;11;56178;1509
19;33514979;18;42513;222;40410374;11;133306;239;33704712;9;84769;370
19;30792741;19;48159;595;42654625;11;97124;26;30694260;14;55576;1434
19;35819987;18;42094;6872;41311467;14;62720;2;33815604;13;77313;394
19;33007621;20;54456;945;43475385;7;192285;14252;33848778;14;64596;4
19;32308969;18;40760;6550;35561356;15;53835;0;28195955;17;45305;0
19;29503356;17;48008;10019;37154472;14;56910;1257;29761374;13;61125;1447
19;37978884;18;57643;5475;48249358;12;95749;0;31705358;10;61227;2187
19;35462826;17;40198;11617;43475916;10;79240;1932;32085644;14;52203;19
19;34756100;19;38356;2316;40670943;14;62229;128;32503202;12;65501;542
19;32941036;18;38595;1;40873330;12;138574;0;34372713;14;78270;164
19;32986112;18;38391;5592;40063529;16;122863;0;31256910;11;80880;2278
19;31531655;16;45436;6840;40033715;11;87831;10;29776028;7;101585;435
19;35350718;20;61650;93;40208910;10;82388;1034;35507570;13;54170;10
19;33596189;18;40145;24;39839370;12;104813;0;33956473;10;97234;12738
19;30333430;17;51080;8075;33638056;16;61485;0;28685912;11;55385;3651
19;33272239;17;40526;936;38363783;11;109391;7342;35891610;13;64148;4
19;34657352;20;38993;109;37892794;16;119736;0;34287377;11;128622;1209
19;34336845;18;43490;4603;39102605;10;58873;11380;37511118;13;85517;155
19;33969709;22;56140;27;42053563;14;85479;23;33598004;10;65473;1869
19;35485008;19;45177;7971;37201585;11;86782;2499;39746636;13;52819;1852
19;34869811;19;41037;114;39999792;14;61499;312;32642848;12;64889;1
19;31725671;15;61114;7204;41857223;14;73436;0;32309736;14;66689;1254
19;32472312;19;51664;66;38169937;14;95556;0;36498826;13;84503;0
19;34375731;19;33587;4110;36567930;11;97243;1983;33712420;13;56442;78
19;32628969;17;50122;8871;38863018;17;67546;4;32082884;13;92936;0
19;34169676;19;45682;84;41205807;15;96936;95;34078672;16;66940;548
19;37152438;18;57611;8806;43417994;12;81290;0;38816557;11;131975;1873
20;35250412;19;36535;83;43883406;12;67611;58;31947931;11;55878;417
20;32675336;19;44098;0;40615283;14;92114;14;35105786;12;58992;5
20;36724222;18;57528;7;44107223;12;80821;0;40648764;10;95032;1412
20;35484278;25;38630;0;42809285;13;68335;0;35663017;16;61869;0
20;34572974;21;62584;24;36136240;12;99176;1;39927465;14;138778;17
20;34115344;18;48044;688;39721992;14;76157;21;39999198;13;75863;0
20;32512846;19;63781;114;42373555;17;58843;1157;31032645;8;119490;1223
20;34035312;21;50729;17;44701447;13;79482;4;34326247;15;70314;256
20;35463989;19;46691;80;40548375;12;69678;707;36737461;16;52933;0
20;33779878;14;49890;8473;44023676;12;121959;33;33341425;12;145760;0
20;35523426;19;42955;1856;42625364;11;75513;9610;33196196;12;76102;273
20;35874046;19;38714;8521;43067368;12;81195;1642;32446659;11;85975;2921
20;34448839;21;50699;912;41385142;14;91527;0;33822448;9;62333;16447
20;31768130;19;41529;0;41175984;13;77048;62;36350877;10;77942;250
20;31898220;17;49256;8;44942624;15;81289;0;35258256;12;70807;0
20;33272324;19;59504;55;37637014;13;110922;7;33458485;14;68670;0
20;32964628;19;47444;574;33636977;16;69163;0;34521370;16;78295;4
20;35360713;19;40129;1715;42695914;14;90417;36;31280076;12;60980;462
20;36395479;19;63103;44;44696274;13;182681;0;39905923;12;65618;0
20;36670401;20;49010;62;45726401;12;143036;129;33907091;13;41559;0
20;38039649;22;57421;14;50575085;16;99274;17;35706568;10;61035;191
20;33844456;16;41819;10084;41008219;11;87941;3280;36871931;12;80902;1217
20;34994946;19;46890;1400;39714374;13;62317;17;36500034;12;83458;239
20;34872379;17;51595;0;41357297;9;75449;24559;35167557;11;80407;2059
20;35459073;18;37065;5612;43220834;8;134559;79;33782311;16;65323;0
20;33816856;17;48476;141;40480291;17;90340;31;35535725;13;69566;104
20;37644576;17;57528;5852;43602971;11;117854;35;41929035;12;61953;2637
20;33627310;18;47650;1151;40916323;9;121946;151;34583144;9;71283;426
20;33428014;16;61542;4861;40344027;9;151534;15;36257119;11;118113;35
20;32482599;19;41843;5930;38633684;13;66810;0;32028958;13;49217;269
20;34265009;19;45228;978;40418538;12;80090;0;33531145;14;58308;93
20;33855446;16;40888;6696;44263992;13;157888;10;35063839;13;73671;3
20;33892379;17;54317;2818;42511775;11;197844;13;36134281;12;58087;0
20;35425475;21;38069;27;38093588;18;70583;0;34776534;14;86405;0
20;32915306;15;47763;7345;38666412;7;187000;20519;37919962;14;84217;1
20;33374705;18;62366;0;43358645;10;100960;3003;35855680;13;62814;124
20;35301500;19;43344;2313;35919304;16;51960;207;36576744;14;55799;1564
20;33523198;20;45994;13;38904225;13;80432;160;33382403;13;68491;0
20;32404420;18;56955;723;41020184;15;112563;0;34343905;9;114701;2036
20;35385428;19;43276;49;44047113;9;83893;7906;32635302;11;55357;1856
21;36428220;20;42114;2;42037391;10;166472;2460;31679910;14;67365;0
21;37553677;18;45809;7991;43148639;16;78867;0;33541067;16;56847;8
21;35068562;21;56116;269;40037595;10;110767;20;36808188;10;87665;6403
21;33364922;17;61893;23;45562458;16;90129;2;38072096;12;83404;1212
21;31534124;18;46321;159;44967440;17;80363;2;37688854;10;111098;155
21;36013343;21;39037;41;37831168;16;55563;0;35904549;15;66590;9
21;34402489;19;64366;1488;39951829;8;156271;40;36571092;9;117200;1907
21;33884426;19;49104;1307;44338880;12;92264;2080;38464349;17;68544;0
21;34199393;17;41257;1117;42858620;14;75907;0;40365824;11;128802;2044
21;37261661;22;52381;0;43674662;14;125811;1;45861916;10;90758;10965
21;34175846;20;38741;2;39678571;12;91574;2100;30649954;13;56764;1762
21;36098767;23;36072;48;42857280;15;77119;0;33633056;12;61240;2234
21;37347672;21;44998;9;36315686;12;64612;304;41058762;16;73228;545
21;35959870;21;56284;142;43014184;13;91619;0;33913605;11;91783;1517
21;34945132;24;44177;0;40297494;14;67975;0;39843893;16;54068;99
21;33604717;18;58381;2;44130594;13;164222;47;36324576;11;61461;478
21;35410628;21;43444;1051;42233172;12;86225;0;33516074;11;90552;2319
21;32882490;16;51530;52;40428679;13;121977;0;35344983;13;95046;6
21;36529125;20;68454;25;40758412;13;82591;135;36130544;14;105828;10
21;32843471;15;55820;0;49533331;13;101893;0;34359793;8;132022;15
21;34548439;18;65880;1774;37363581;11;99982;34;36887408;16;67524;0
21;33767638;19;42319;1669;46238982;12;81134;8259;35716968;14;88840;2
21;32567217;15;51200;2040;41658852;11;77082;0;37582996;12;99476;0
21;37862945;18;72034;2;42507072;10;123011;0;41776417;12;113136;48
21;37755704;16;60001;44;50035620;7;237151;5591;35208961;12;51334;1854
21;35131038;20;43730;3207;42815071;14;76135;8;38564581;12;61767;3547
21;36936218;19;56108;15;44891927;7;157003;630;42581205;11;75183;478
21;36492655;19;45867;53;41902127;14;66268;180;38630906;14;53431;7
21;34088675;18;40508;685;43847863;12;87211;354;41142657;13;79831;70
21;34510135;22;41459;260;39260829;12;87492;2856;33308896;11;103601;5850
21;37616811;21;41993;562;43190736;14;84038;5;35676689;13;79553;190
21;33646907;19;44697;151;41165397;14;59503;43;37306562;12;96598;207
21;38039548;17;44975;5325;43235999;19;79247;1;37660884;13;74094;60
21;34682487;20;36272;1519;35919520;13;66400;1589;33499312;16;61745;0
21;33044160;19;72150;33;44298659;10;125542;6869;34687098;7;95093;18561
21;31459006;15;46234;7017;43452876;11;85376;553;37946009;10;116376;3058
21;33073598;21;48999;71;46282620;11;93121;498;37771980;16;72232;0
21;37034622;20;48699;2541;40127733;9;89082;5146;34292098;19;71004;0
21;31769881;16;71737;20;42597773;9;85571;26629;35757403;12;69678;2526
21;34172799;20;40749;1171;37678081;13;67700;850;32215209;11;69046;4889
22;36174637;20;50414;2166;42022006;12;67567;2;40720155;15;76303;0
22;35281531;21;30305;161;43873117;14;62317;6325;32591265;16;50585;0
22;36494095;21;40294;431;45491098;14;78813;5814;37088386;13;74409;30
22;34670205;20;57273;506;39156161;7;127219;1015;34954821;15;60286;12
22;33596717;21;69940;2;47389529;14;93109;0;39075557;12;85750;69
22;35493992;20;63263;1164;51518840;16;75401;0;31951416;17;52101;157
22;38483660;20;44075;1312;45430006;12;129245;2;35601165;12;54668;5643
22;37595051;19;82859;28;48961258;16;91048;0;38478773;12;64541;2344
22;35799796;21;42866;452;46557709;13;71803;0;34331872;15;94006;258
22;33930138;17;42284;3099;44047969;11;112934;1398;39419155;11;84494;619
22;33983067;20;54837;330;43801327;16;69128;0;34651074;14;54137;1520
22;36529145;17;54250;0;43908840;11;79555;2138;37144098;11;79267;1638
22;35464355;16;45960;4641;42827124;13;69159;3130;38733974;20;63910;0
22;34924290;15;44086;5230;45111520;14;109368;1;35807416;11;139813;600
22;35152832;18;51237;104;36391819;9;127057;2;38438543;13;112816;112
22;36465338;24;32567;24;44308249;14;63912;2502;35266129;15;47714;41
22;37171529;21;65531;0;44910450;12;104548;523;41895137;13;54235;48
22;37710666;21;46800;1;43396381;10;82498;114;40852922;11;52992;278
22;34812147;22;46772;139;41155297;13;82844;2;38728145;15;63044;0
22;33993148;19;62557;890;41757375;15;101909;0;32762794;17;53595;17
22;37412693;20;39835;753;46285963;12;104030;2;36089046;15;60798;675
22;37855675;28;31633;30;45702983;14;140704;35;36307769;10;135201;1942
22;38288940;21;59775;1573;47254641;14;92918;0;40932659;12;85044;368
22;37676267;21;34698;124;42435624;12;153823;0;40929238;16;72361;0
22;34542226;18;55389;154;46939810;11;131919;0;34971086;9;64841;13730
22;34608738;21;36067;519;49868948;10;242175;0;36598119;12;60755;1398
22;33880746;21;56250;0;43814682;16;80574;0;32311386;13;62874;0
22;35657434;21;54469;7;37473889;8;132874;1105;41648942;10;70470;22479
22;35741069;20;34941;1109;39281652;15;48287;1016;37912090;11;93056;0
22;34469652;17;47655;81;49458420;13;103780;0;37033886;13;70096;2285
22;34226312;19;58707;242;39883821;10;138415;588;38516107;12;68887;7622
22;35573497;19;50710;49;43214243;11;136147;542;37610991;13;59285;523
22;37038474;20;44602;364;41308564;10;60845;85;37876371;11;60813;628
22;36653877;21;35685;114;38142283;11;96555;1485;37663000;14;53157;36
22;36356412;20;31723;0;43951633;12;100703;73;39522261;14;93419;100
22;39463635;20;43710;3923;40973195;11;83428;1102;36730530;13;62437;494
22;35623290;19;51497;972;42781535;11;94477;529;40378063;11;70593;4479
22;38264004;22;35899;1;44600138;14;73769;0;33069284;19;66096;0
22;34982924;22;71001;0;46130826;15;119348;0;35638228;13;121237;2
22;34349793;18;65905;168;39497886;13;76357;1251;33989351;16;54074;0
23;37854276;16;56866;3311;47027598;13;95697;984;47164476;9;177544;2349
23;35077956;20;38188;2224;45313752;15;80197;0;40105439;11;95692;67
23;39280330;20;51211;112;49215207;15;61501;0;45029522;12;84072;1610
23;39187413;23;50088;485;48101546;14;66733;0;36213830;14;59360;1983
23;38423734;20;61784;146;50149708;12;121798;44;40261901;14;68795;735
23;35983718;20;54782;4;43422698;15;66024;118;39613490;11;114039;40
23;40318288;25;27926;0;44047426;8;135313;6314;37489887;13;91957;223
23;39281636;18;55239;166;40941239;11;78389;968;47103544;12;79484;1724
23;38336642;23;33322;54;44725061;19;67725;0;38342488;13;72557;1001
23;39143496;22;36218;1780;47612731;10;186805;16;36699455;9;92738;320
23;35705401;19;48573;3212;43823901;18;74776;37;38496848;10;93147;640
23;37735353;20;35867;53;38107907;15;58032;35;40801953;16;79116;92
23;34497768;21;47429;0;46151802;16;116266;70;35361015;12;71196;1996
23;36041630;19;75028;290;41427205;13;96619;0;33431016;10;126719;0
23;37192315;22;55415;156;46491816;12;79053;2569;42934436;13;68848;26
23;33939907;18;57732;5275;47025826;13;170374;0;39935992;12;138452;0
23;35925866;24;35429;0;43919467;12;85201;0;34063114;12;52966;3294
23;36967334;24;32274;140;39380137;16;76197;0;38866614;11;118251;0
23;35305679;23;54987;40;41036150;11;90042;2865;41748280;11;111544;26
23;36198961;15;43682;3841;45326126;13;90457;0;42457194;13;66752;109
23;35151979;22;59574;13;38059366;14;99746;0;36964089;12;70027;6
23;34375050;20;42999;8;40439413;11;77205;795;39623910;12;61171;453
23;36457103;20;46392;0;49284091;13;80174;0;38877001;15;57543;0
23;39375261;21;52257;593;53111151;14;95077;344;42069886;11;98692;650
23;34981712;21;40618;463;42767706;8;112411;1;37247399;15;73727;61
23;37842780;19;61998;892;48321242;14;79324;22;39526736;13;70870;8
23;35976533;19;46945;1177;49177139;14;110181;101;39166441;16;76789;12
23;38150960;21;39273;1209;46933068;16;53047;7176;39372728;14;58636;0
23;35666184;21;40283;333;43396929;16;86809;0;36191177;11;107710;10
23;37251595;22;34070;1664;42521111;16;64889;0;36706178;15;68576;213
23;35406146;21;53892;58;40791448;11;107350;1018;40489633;11;112305;8
23;39622751;22;44192;18;44751189;15;95051;0;38091287;12;82683;21
23;36709162;20;42807;1342;41983916;10;155600;0;40081803;13;179900;0
23;36601069;20;40196;3109;45818122;16;68895;1;36682211;14;62567;0
23;37197998;17;51912;1538;45412903;11;98503;3087;42743296;17;58573;0
23;38428197;20;65780;1297;40925887;14;71265;9;40541125;17;72232;2
23;37821967;22;31374;261;40605224;19;62600;0;37594304;15;73216;30
23;35340445;20;39007;748;48416996;12;85876;0;36243979;14;53253;97
23;37048641;19;50204;13;44651310;10;162540;8;42270703;14;67836;1
23;34861994;19;55957;0;39305107;8;101988;530;40125422;12;90683;737
24;36367068;19;48273;218;50806463;11;126236;5863;41417131;9;154271;472
24;36776606;23;48348;78;51098148;13;110874;10;41213141;14;60793;95
24;39092856;23;36334;88;49975663;16;83539;0;36226979;9;101566;422
24;35482996;18;49575;1033;43974756;10;89631;123;41176786;12;101228;28
24;35838952;19;42494;384;41926258;8;147627;3895;44077625;13;72145;175
24;37475104;21;44288;277;47300904;15;89532;51;37330030;14;48474;0
24;37276216;21;60766;720;46699066;11;147787;71;35309966;15;59419;3
24;37252464;22;40227;473;46199243;14;74621;109;38979784;10;125312;283
24;38030106;22;50207;70;62747690;15;141659;63;36005951;10;65153;1345
24;41408057;23;43204;1873;48358559;15;94352;23;38044262;12;61202;221
24;36388079;20;54924;6;42670012;11;85362;2043;39187925;16;80164;29
24;38506187;21;46741;99;45374044;13;107601;12;40692428;13;105631;0
24;37950315;23;40500;1833;47694143;19;114401;0;35748013;13;73536;0
24;39172858;24;53896;17;49283005;14;102618;0;44730861;10;101300;1773
24;37850702;26;43596;0;45604393;12;66599;2056;39428590;16;68670;389
24;37627680;21;41709;108;47813995;12;196881;1;36762218;16;60703;1
24;38433285;24;37405;613;43743817;12;63695;3542;39732103;11;121472;2807
24;37054714;22;51410;6;46053855;18;88202;12;37722685;13;61015;0
24;38338276;20;56861;68;48050073;12;97412;9;38334092;14;72542;0
24;38361803;18;54961;188;42500805;11;115980;0;44908587;12;78893;161
24;35694624;23;50258;7;45345222;13;127992;0;36650344;13;63214;432
24;38562946;22;56979;2;57078486;11;155091;132;40522831;14;96953;606
24;37935739;21;49338;0;48711018;15;81388;504;39138130;12;79958;0
24;36763045;22;43663;210;42175951;9;148618;1;42005098;13;69286;5320
24;38990025;20;45318;832;43310843;11;164233;4;38611854;16;60966;335
24;34885399;18;47941;147;49301859;15;83621;0;38643165;11;80137;183
24;34673642;19;49476;239;46332491;12;83064;296;43734815;14;94363;0
24;37165420;21;39443;0;49903967;16;97118;0;43754430;12;70354;14343
24;38762755;21;51738;16;47416272;14;92822;35;37922752;13;64308;2
24;38691934;23;55635;0;50087976;17;60998;2;40873452;12;63144;384
24;39722688;24;40051;0;50295751;14;85615;12;34612618;11;79267;0
24;37913019;22;42387;162;48108071;10;84756;21717;38772006;11;67192;9717
24;35646765;20;48119;854;51445171;15;88167;120;39994916;15;55413;414
24;35063371;18;50212;466;48574756;13;71603;2255;33218054;10;95573;0
24;38039883;20;49252;60;51866376;10;159723;14;38870351;13;56931;906
24;35822102;21;39112;38;49548209;15;69216;0;37875645;11;61176;2557
24;38992099;20;43448;1435;40645009;9;183438;221;40103728;9;83892;4188
24;36596878;22;52593;0;51128837;11;113803;5196;39817074;9;172836;1841
24;38692819;18;43261;73;42762962;13;62100;9;38494216;15;61259;612
25;38251512;21;45064;347;48398384;12;82098;2354;40187609;13;96230;0
25;40753558;20;54185;597;53439704;11;98220;325;38105660;15;54356;4
25;34933022;18;46053;0;46679494;13;72428;0;41350811;9;154023;6316
25;39825218;23;34486;69;47068616;10;115078;5174;39728772;17;70556;0
25;34715475;17;50894;581;48991293;12;94391;0;39763360;13;82440;568
25;36912364;22;49254;0;46993075;13;65483;1;42511807;13;85112;0
25;38778715;23;42872;310;46248474;12;179459;1541;40188376;13;68524;189
25;36615160;19;70222;38;44924441;11;110469;978;44211088;10;143414;4134
25;38555762;23;46496;95;45256054;12;83509;177;43729964;17;81959;0
25;39575509;21;40273;188;51382902;16;123764;0;39151999;13;63343;280
25;39738434;18;68775;232;52425634;15;83865;24;42355398;16;110102;6
25;39639547;19;61713;242;51034648;13;106371;2;39230640;11;92752;131
25;39391034;17;91474;45;49002727;13;146076;186;46420276;11;84321;246
25;37495599;20;46089;2473;47538543;13;79618;0;34162923;11;89602;4732
25;38426441;22;48848;0;45358038;18;73944;18;49639930;11;102365;1994
25;36261757;18;66776;20;47761003;14;73723;0;41588405;12;124332;289
25;39342433;25;38908;227;43470695;15;77880;0;38347286;12;72384;3104
25;40545448;20;54686;65;51931705;12;156082;341;45879359;14;93863;1309
25;40244175;24;36136;469;50766188;17;86785;68;39871449;14;88034;176
25;40711757;23;47676;76;50140320;13;120906;887;38582160;15;53028;1186
25;36989413;18;53022;20;40161350;10;126362;4;43697008;15;61400;194
25;39621077;23;61963;258;37912348;17;86932;0;43535348;14;71155;3
25;40226939;19;53900;5095;46339614;16;68559;0;41291979;17;57026;0
25;39232381;19;41264;3412;49459453;15;65411;10;41187542;13;73650;0
25;39274495;23;50230;96;45777007;15;95438;0;38393983;11;74991;6478
25;36221791;22;57880;0;50385404;13;151361;13;39004700;11;90190;2704
25;39860021;23;39007;18;45790217;13;115891;7;40250976;11;107605;51
25;38889718;25;39479;604;48316346;14;101425;113;40546017;11;87924;6442
25;38878650;16;59361;798;49745647;14;150556;795;41681543;11;83830;19
25;40199813;24;56791;11;53271505;18;95760;0;42920322;10;88917;1377
25;35202383;17;44840;116;51077691;16;90873;26;39162442;8;126070;6339
25;37713471;21;49374;80;46617320;14;76606;43;42516838;15;65023;563
25;38884272;23;35936;215;46814906;13;105976;7;41841296;13;94225;243
25;35373402;22;47408;0;43450549;14;100088;0;41536851;17;73549;0
25;35798171;21;47667;369;41628882;12;71749;0;39989241;18;99878;0
25;41046098;17;60012;52;54102927;16;84754;13;42653707;14;78998;1729
25;37255056;21;44373;4;49997478;14;100437;506;45263207;12;62470;2942
25;39771988;22;49701;29;49672853;12;83862;0;44168283;13;107701;0
25;38838409;21;46323;15;48855831;13;98061;896;42458031;12;62945;2076
25;39467680;20;58786;222;53975873;15;93581;0;43965859;8;113597;0
26;40004172;24;50408;1045;52872015;16;110199;0;39788663;15;82623;0
26;39805846;20;48753;8;52867477;17;88679;84;45520060;13;81231;71
26;38702341;21;43562;298;48052053;8;216101;9;41242328;11;66453;505
26;38928927;22;51900;70;44663085;16;150894;0;47800357;13;71881;0
26;37825124;20;51848;33;48462224;13;81232;114;36344866;14;75497;642
26;40722852;25;38978;87;48397866;13;76373;52;40498776;12;63735;11733
26;38061256;21;42496;79;47059877;14;68108;48;39835320;13;68546;801
26;39070538;19;71903;166;42836919;13;90353;0;47044713;9;83939;19103
26;35961917;19;89000;179;54170834;13;76731;0;39737431;10;88361;7684
26;39510320;16;59771;865;50352626;15;80703;6;47911893;15;76017;244
26;38505308;25;35896;323;45268077;10;112099;345;44276355;11;123239;12523
26;38703507;19;49710;1315;47554904;16;55645;0;43617633;14;87392;2953
26;38136217;19;55877;53;55870085;13;121973;0;38522975;13;137587;53
26;37346891;23;39448;177;46022032;15;75429;0;45117191;13;58434;0
26;40647489;18;53281;162;55741627;13;90283;130;45068361;14;93959;0
26;37025750;25;54246;0;55308665;17;74602;0;37325453;14;70502;252
26;37997231;21;53605;179;49193492;15;61024;1;45069054;12;88699;0
26;37999071;23;44873;71;49805416;11;96082;10120;45384218;19;64259;96
26;38453589;24;58494;1;47802773;13;86732;674;37423713;14;85719;0
26;41187168;23;58281;26;53034647;11;167051;0;43024149;7;145741;352
26;41061094;25;63092;0;51488761;15;120513;0;40421162;17;69696;0
26;38488527;23;45530;9;50299255;14;102504;28;38177824;12;113255;722
26;38178172;22;50553;400;44173488;14;65089;1667;42219903;15;78466;1
26;40853226;22;43999;88;51983238;14;76775;470;40032905;14;91640;168
26;37715241;21;64061;41;44176500;13;89551;0;43919942;16;105036;0
26;38932312;19;48078;2540;47243413;19;59209;0;41285246;12;155131;40
26;40862830;24;45298;32;55569739;13;76226;63;41287010;10;93654;7063
26;37859618;22;47613;339;51390195;12;112028;612;38458768;9;89187;0
26;41602675;19;51631;156;58460884;15;179073;8;40778491;10;110518;3994
26;40440848;24;49129;0;46662852;15;91478;62;46913690;12;83464;280
26;42424683;23;47576;838;49426662;8;171868;1662;42451774;13;67166;0
26;37065489;24;52325;9;43487419;14;47999;0;45329937;7;274444;7688
26;40351366;21;53607;41;50237703;16;79233;257;38503889;13;55540;2672
26;37876921;21;42779;1908;48699436;20;105790;0;38695043;10;67468;7343
26;42204981;25;56533;507;53652752;13;130812;0;39384354;9;70950;230
26;38627821;19;58800;911;51356035;14;74587;3161;41783383;17;95817;541
26;41454415;23;48302;19;50453852;12;133892;431;44003934;10;84106;19
26;37579915;24;49063;3;50765671;18;62998;0;39796231;7;93669;21444
26;36148259;20;67294;0;52573337;10;111859;3859;39247423;11;83533;1059
26;37501791;16;45251;252;49852972;11;171617;2861;38717657;12;64000;202
27;40708362;24;45183;0;49510411;15;76450;0;47417039;15;114824;0
27;36560416;14;78141;123;52199934;18;109284;0;43028500;14;94488;0
27;42099109;28;43191;4;56931418;13;173216;97;39862854;15;83284;0
27;37670981;23;46871;9;51163181;16;136027;2;42511415;14;80887;0
27;38094495;23;41186;3;49802697;14;79848;81;40445022;16;65742;190
27;44091742;26;50218;0;61341822;9;244588;1722;52124290;15;75061;291
27;43084544;19;62654;171;53439165;14;135731;2;49859916;13;105668;0
27;38251712;24;57973;0;54276564;14;103974;20;42175999;19;52837;0
27;38110377;27;48153;0;59681909;19;123156;18;40625013;13;81947;303
27;38744399;25;56966;212;53068288;13;111228;132;43983672;16;59574;78
27;38963327;24;44030;6;45853337;14;121863;0;40448810;13;66926;0
27;39294777;24;66322;65;52970851;14;77793;43;45125830;13;64929;27
27;37962428;22;48662;32;48414701;13;133851;110;47296960;14;52144;256
27;42329572;26;42813;72;59489938;11;98731;24610;40747508;10;137756;11
27;38538482;19;70634;1378;56798995;16;120358;0;41772458;12;80623;547
27;40504420;26;43472;0;43021994;11;89897;5;44246295;13;95784;47
27;39055902;18;52563;215;60695240;9;201474;621;36145626;15;83080;0
27;39619918;22;69506;33;67842450;12;168180;1181;39850550;14;60980;1133
27;43122813;23;52197;0;64840610;12;250024;32;41800279;13;131337;0
27;40900480;22;51276;6;50727188;12;151852;308;42474404;9;157218;3
27;39254809;23;46695;51;43492072;13;85120;9197;42703093;14;74834;1234
27;40169710;21;39243;518;51274527;15;89797;110;35707285;11;95084;0
27;37456274;21;44406;56;47237018;13;105795;105;37671364;14;59254;157
27;35941231;18;73822;117;48376571;13;99971;0;43196375;11;91531;0
27;37981858;20;49642;1;56409849;12;101558;0;40123332;12;128819;0
27;39737398;21;42241;2035;49832653;11;183236;2379;42918186;15;71186;0
27;36343666;19;65258;369;53141179;13;125187;76;42319721;14;64014;204
27;38751109;22;58673;1144;54969692;17;78043;0;42802338;17;76841;11
27;39937430;28;61710;0;47736785;14;104433;3178;39936657;17;92226;0
27;38720205;21;66133;118;50281754;14;95319;302;39211603;13;66398;1349
27;39375407;22;52829;413;54078936;14;78437;350;36038994;10;85213;3200
27;40573567;21;54440;0;44855649;11;94404;213;41110465;14;115872;0
27;43800495;26;60105;0;56157130;11;139351;910;47836953;11;159980;1800
27;38818685;22;46903;0;50035443;15;74400;0;40382784;12;67445;5
27;37840518;21;55441;4;48479225;11;87687;15397;41153655;14;62686;330
27;40447520;25;55155;10;54325867;12;123357;138;39180603;12;76542;0
27;36629286;18;76062;0;52936105;11;112379;3256;42667578;17;66260;321
27;40293565;24;39810;406;47856600;17;66383;815;39312953;14;71207;100
27;42950456;28;59244;9;54833525;15;112945;809;48388873;12;97388;0
27;41292448;23;47985;5;55866878;13;182823;3;41576552;11;127801;0
28;40648326;23;40652;1885;47279264;14;109831;985;46108492;20;63314;0
28;44223361;24;60781;255;61158916;11;176321;180;46128524;13;117171;254
28;43532323;22;65087;8;60622035;14;117373;0;47349140;8;124244;9632
28;41250242;21;49992;2241;46374194;13;79724;1322;40021924;13;80554;0
28;41675030;30;45041;70;44646880;13;70483;807;44024594;17;63617;0
28;40810272;26;47432;15;52600230;16;140380;0;38918813;15;86190;260
28;37995777;26;58119;2;54250698;18;62112;0;43895632;12;62064;3990
28;40241086;22;60616;31;50451350;8;151382;34487;41098897;8;149616;2194
28;38896823;21;52936;55;49948425;10;111965;1646;41662451;11;75122;4170
28;38635585;25;53295;0;54191375;12;139804;170;43732644;16;67847;10
28;40290422;23;59740;2;53757593;9;105675;28043;38613812;17;60730;84
28;41252631;24;42733;0;57467940;14;111492;0;41652368;9;143417;1338
28;39034088;22;51138;242;57316186;15;128048;0;43809685;13;94438;329
28;37515212;22;60454;168;58387892;16;110000;0;44720397;10;127894;2556
28;39144904;22;61360;1084;44075282;11;99739;1009;44165471;14;81159;34
28;39806888;22;50506;660;47826396;12;136268;28;39909536;18;71064;0
28;38979851;26;55471;0;54847958;19;121746;2;36556117;15;74757;0
28;39141566;22;58584;665;49243027;12;142419;0;43334826;17;58932;0
28;41929694;21;44719;1230;55099875;11;126907;713;47847172;10;212005;383
28;44574238;22;58852;992;64128895;16;125175;0;46729030;13;83852;232
28;38878928;20;45825;163;50706634;15;92725;287;37606728;15;90380;0
28;38404221;21;42917;47;47582461;13;95613;8742;39091361;11;100932;3331
28;37822304;21;60942;25;51139249;10;159190;1329;51154349;12;142664;63
28;44017904;27;52095;0;57910381;11;96210;36;43100275;13;141520;36
28;37685643;21;68881;602;58552056;12;137656;2547;47715297;14;82990;53
28;40489983;25;46938;1;54133739;11;118697;5743;36699647;12;83803;162
28;38503086;21;76799;43;49622408;13;169901;115;44512484;12;81751;82
28;40095449;23;47195;57;50073844;16;129481;464;39784620;17;63366;233
28;35928781;17;66291;398;57120405;13;157304;10;46038605;12;112453;0
28;43295045;23;63234;40;56332531;17;104647;82;47948216;11;94271;537
28;43532000;26;88530;0;52575877;14;105332;444;46259842;15;207046;49
28;40107919;21;64942;7;48183251;15;71511;580;39351789;13;98219;2118
28;39075715;19;89713;107;51988737;13;134414;89;48632830;12;63912;21232
28;41236072;24;43172;222;54997276;18;98729;950;37801145;9;163473;9670
28;38643608;24;58394;44;54899934;14;131493;0;41903160;15;71728;848
28;41167206;26;47107;10;53970337;12;95485;0;38167289;13;61259;3643
28;41445068;20;54250;81;54797087;17;135277;0;38895508;15;67262;1
28;38340715;23;59098;79;53821185;22;84053;0;43634298;15;56813;60
28;41872502;22;55205;42;61928522;15;111376;76;44268956;12;96147;3028
28;42408243;21;42580;49;57675584;13;76249;622;42649775;14;138276;0
29;42866024;25;51231;193;53919503;12;215945;0;40982878;15;83201;0
29;42104765;22;45067;65;54761818;14;116403;0;47311487;10;107285;3980
29;40639684;24;54272;16;52983918;15;152360;0;45827385;13;97378;20
29;44081580;25;67179;111;61311585;13;129720;1896;45989696;9;146038;42
29;39106619;23;55187;121;46485138;10;133323;5215;47035183;11;72885;6107
29;41656698;24;43965;0;47292367;13;104718;19;42420968;17;98010;0
29;43021058;24;47913;433;55387107;12;97721;0;46695250;15;82613;13
29;39919745;24;47623;1;59085171;14;136442;0;43417724;14;83527;0
29;39629491;25;47653;5;56316147;18;106407;0;46904435;20;78014;61
29;47139557;29;57045;19;61734866;17;101115;0;50361181;14;103624;0
29;38349981;22;54576;1;49666258;13;163444;0;42723257;13;82242;227
29;40865801;19;74133;4238;55312681;15;92732;466;41862732;13;112489;164
29;45081396;22;85979;34;56212060;16;96156;197;48816946;12;119827;0
29;37826279;14;60707;6382;47860222;12;76778;323;47707586;10;108619;26
29;38293445;20;52764;0;48257611;11;136941;0;49765300;15;74197;0
29;44021047;23;66834;205;60775197;15;161920;33;48830821;15;100413;0
29;39687992;27;56738;156;52400119;13;163264;318;38912619;15;86584;0
29;37898177;23;59331;7;53942840;13;119279;682;45210440;11;66706;18381
29;41229656;29;43351;1;57031487;12;138795;3762;39748288;16;110789;0
29;42556318;23;38812;770;55696892;17;68994;2;44550665;17;83726;0
29;39517549;21;51702;244;45618155;10;116663;11587;43915076;14;83506;17
29;38722133;26;61747;1;56210439;15;90119;581;44672367;13;56963;0
29;37705261;21;73819;527;46561168;15;98494;0;44634823;14;103305;400
29;40752209;22;58924;1059;52260327;13;111052;46;41716474;14;85791;0
29;42402782;23;48372;18;54230616;18;74121;0;44284173;12;120454;2671
29;40479236;24;51551;0;53054578;14;92510;2328;42204266;17;90456;0
29;39851979;24;49242;170;55307410;15;112327;0;43391574;14;82663;10
29;40438456;20;78626;127;60850943;13;107683;552;36931627;12;73271;428
29;43126072;23;53017;0;61063587;14;143118;298;41715165;12;126322;0
29;39211112;23;58617;244;48302855;13;156951;135;40325160;14;67951;0
29;42641725;25;45113;137;53966490;14;95670;4;44342544;14;67750;2649
29;40145907;25;55443;142;50772200;10;134450;1;44682701;11;75235;4295
29;39801625;25;47916;0;54547376;19;108324;0;47579760;15;63294;0
29;40294676;27;40773;203;49534945;13;111583;2284;41836682;17;66267;73
29;41284536;24;44971;86;54488052;14;79968;2317;40766950;16;129118;19
29;38611816;22;50662;1581;52317474;11;143026;29;44889688;17;90407;0
29;39210394;21;57254;134;62039688;17;127809;0;44639797;11;152972;1376
29;41946566;23;44319;0;58622763;17;117359;0;39008368;16;78310;0
29;40569097;27;51321;0;43931508;13;85839;289;43566121;16;83370;0
30;41488627;23;46913;97;58035733;19;96408;8;41180508;13;75763;63
30;41347464;26;50713;0;53435608;16;77788;0;43904676;11;94641;0
30;41182352;29;42331;0;45106590;18;85255;8;42737898;14;95435;2800
30;42280476;25;71295;0;48554621;11;189411;14;54603746;18;107603;0
30;40963081;23;41673;543;52570048;9;166371;887;44308901;11;79092;1049
30;40171579;26;47516;31;46103669;13;70010;913;49637206;15;69681;91
30;42546218;22;46825;641;57414046;15;125235;25;44240135;10;103445;3132
30;38486657;21;63939;0;55975227;14;105223;63;45899426;14;61573;3856
30;41629613;25;50705;30;48680579;18;53735;1;49236882;16;74667;60
30;43213163;25;40797;3;48413690;15;83712;1140;51072952;17;112851;257
30;41768594;26;49120;172;59644665;13;146376;27;38671643;13;123710;10
30;41227444;30;47218;0;58206753;15;128150;62;40088343;14;68062;0
30;38670917;29;65251;0;61224187;18;110502;0;42943903;8;103560;30127
30;39286542;22;50827;41;52514095;15;104472;33;43925242;15;58718;2525
30;39141633;25;52169;0;49438674;14;100384;102;44124554;13;154766;982
30;41455098;23;56056;45;52933582;14;138147;42;40674220;16;68239;4
30;41928348;24;48311;306;60813074;13;103595;13;43576143;13;110841;1
30;41415804;25;38058;517;52574075;14;111258;12;46888508;13;82680;94
30;40985686;20;60258;32;48333870;19;49566;0;47946666;16;76184;6
30;45058347;24;46335;3;54549292;17;197643;70;52074285;14;74278;6
30;44727500;26;67041;0;65605854;16;146648;508;47038716;12;70904;388
30;44975858;21;71813;99;62470696;19;189585;0;48544893;15;107982;0
30;41324963;28;35501;167;52733279;17;96087;146;38469412;15;67209;1962
30;40628814;26;51836;1;63517575;16;93303;0;49365435;15;173303;0
30;38758478;20;66251;1;47607734;19;85899;0;53719154;10;188380;4963
30;42570376;28;36070;159;55569991;19;90099;8;44942055;15;66625;2394
30;44784710;22;47039;69;65819466;19;110681;0;49189931;15;85507;0
30;39605401;24;49691;139;52319805;15;104232;46;42574931;16;109178;0
30;43390950;28;46596;299;53563929;15;215209;0;43458469;16;60104;0
30;41967174;26;49446;3;50528686;13;122950;3043;37837008;17;102747;548
30;42590898;24;40711;0;51066582;17;77047;0;45050733;13;127277;244
30;37833777;18;65403;52;56778106;19;93448;80;47573186;13;65904;6826
30;42691296;26;47343;750;50686022;15;64830;45;38477357;18;75016;894
30;41036210;23;41719;245;44506088;11;92829;1862;50669264;12;129528;602
30;39251183;19;48799;336;50452188;19;118993;0;43544039;18;55359;6
30;38267664;21;50796;40;53419650;13;128644;0;40769031;14;138473;0
30;45393403;24;54428;0;56232636;19;127398;0;53838100;19;101089;0
30;43166309;27;48331;42;43357283;14;107742;842;51672275;16;132007;12
30;41779411;26;49346;365;50256363;17;68178;1;41273388;19;76087;833
30;38042105;20;69297;25;60034487;16;91608;1211;46499621;14;69129;0
31;45038065;22;56478;62;72560220;21;156639;0;42290525;11;125509;3
31;41806958;20;53675;38;51834055;15;76734;1083;42682899;14;72736;1071
31;41223649;18;65048;371;58384644;13;111261;3138;40862718;12;73623;316
31;40575796;22;42043;0;51207575;15;80626;579;41870980;13;71036;0
31;38018211;18;91423;0;59654714;17;106691;1;44749550;11;142512;1950
31;44037181;21;80530;149;45944485;11;106011;6572;53712184;16;76316;0
31;43632772;27;49648;0;48693645;10;131195;73;49927214;13;103287;1449
31;41899738;21;54588;121;48460793;18;69790;42;47786427;16;128942;851
31;37684611;20;63180;160;67823051;14;146314;581;40058022;13;97461;373
31;39044135;22;59488;15;51191582;14;100752;0;49569303;18;90134;65
31;43703495;24;58537;318;56749456;13;87532;2653;52794780;14;169663;110
31;41588694;23;54752;0;56500462;16;82957;289;40268406;13;63146;171
31;43877788;24;43442;393;61287631;23;83061;0;39533329;14;56342;733
31;42191067;22;54066;236;49903411;13;69474;2341;45190906;14;68296;58
31;44389930;20;55043;2460;52309508;14;135119;30;51234669;10;169381;322
31;41717793;22;77850;76;60707718;15;118264;45;43173099;11;161084;0
31;44647496;25;58411;91;62897921;11;228688;810;45916758;14;86437;115
31;43639515;24;51350;0;57626000;17;122828;6;42758509;13;176152;104
31;45133621;27;44522;9;49974936;24;80967;0;47747085;14;66553;840
31;38928240;21;70810;3;60848871;14;116363;994;42706476;10;137862;2961
31;38750299;19;57432;50;55383015;16;71727;335;47423492;14;218201;0
31;38890077;22;47058;125;54977946;16;112965;28;41473206;16;51960;650
31;39573652;25;49076;120;51912306;14;106407;76;43310319;14;58835;4131
31;40433707;21;39867;292;52830410;11;103570;294;43125180;17;63022;66
31;39635035;26;48501;82;49925788;11;97728;18;45900131;13;69876;4597
31;39601761;20;48546;150;54809289;16;154980;0;41333998;8;196991;6040
31;41478368;26;67704;7;47749587;13;65377;12035;48194989;13;109723;11
31;44390356;25;45484;161;52708004;13;77475;36;45830845;14;97608;396
31;44802304;25;47129;222;49858962;13;176420;17;52127763;13;117541;80
31;39339432;23;39645;185;56940749;14;80314;2505;42896009;13;76016;1676
31;43642884;23;48361;0;50450769;13;122578;273;49339515;15;142659;0
31;39354505;19;73302;30;56225488;18;107042;144;41426357;15;45315;5136
31;45771632;25;57598;0;64611459;12;150293;8583;45618042;18;88225;0
31;45582157;23;66058;1734;58420893;15;150294;0;48657883;15;96924;249
31;46219417;25;62261;0;55431292;17;131315;6;52719914;11;95517;0
31;38956451;20;79251;168;54351484;16;71658;0;46757160;11;92508;11665
31;39517530;19;109456;0;52551783;15;122530;4;50122621;14;108105;291
31;42813922;23;52471;5;63549226;16;131751;0;42586526;10;160874;13
31;42737181;23;46944;112;61904732;20;78061;129;42259279;14;80813;0
31;41408910;21;76811;0;63768713;15;95828;612;39723331;15;126137;138
32;40202975;19;45315;0;49968126;12;102201;2050;47462611;14;77875;2100
32;43631746;27;61393;185;54182829;19;68144;0;47028500;13;140091;240
32;45414601;24;55251;7;57227714;12;160752;4116;46113482;17;140009;108
32;44256405;27;49468;29;46833709;16;87411;1;48572210;15;89155;0
32;45946585;27;50077;3;55646014;11;195951;737;53529727;12;124218;0
32;42068061;24;42454;4;49359111;14;126845;0;48577780;18;83650;5
32;39730164;22;59454;32;60812986;15;123940;41;46727358;15;85532;1008
32;41571365;23;47223;56;56174933;23;108998;0;43671721;14;73574;0
32;44037396;25;42979;6;58740563;17;82871;50;40989258;19;55423;99
32;44439723;25;46105;23;58157556;14;132801;22;51720339;14;120141;257
32;45266504;22;56690;0;56198068;11;211424;43;51621792;9;115328;6723
32;45201195;27;44959;92;57008719;20;80439;0;46048813;23;123289;0
32;43419238;25;43149;34;52226166;14;216187;17;42972450;15;116327;18
32;40626212;25;43645;0;51352541;16;62967;7;45552618;18;82890;0
32;41706297;22;42915;47;50817187;16;170341;0;45373119;16;74917;2
32;40378166;28;50398;54;50354653;17;104006;0;47596141;14;73354;0
32;41358762;27;48399;16;49064363;15;100934;937;49456751;18;56909;63
32;45275408;24;39150;0;60125399;17;105290;0;42210986;12;75903;75
32;46707428;25;38921;0;60593619;15;177996;1;49942571;10;184708;225
32;45228693;29;44978;0;54866957;17;84529;116;42751136;17;65354;13
32;39582903;19;61897;62;54166681;14;115713;101;48605426;12;139234;2403
32;39853761;22;54781;0;52857480;14;110350;0;42534619;11;156458;0
32;42073705;24;43046;433;50427491;14;84372;154;48042495;16;84695;6
32;39674460;20;70832;0;55108308;12;141116;1601;47902592;14;82376;2
32;45734576;21;57551;8;55067336;11;194930;229;48232777;15;105055;0
32;43931617;20;78140;16;56404530;11;122089;1229;50480022;16;71770;0
32;46380784;28;53681;161;55150299;14;221880;0;50017782;11;106948;26
32;42960765;25;43105;165;43431101;17;88652;8;47570659;13;73188;5152
32;37701154;21;75292;117;56771451;13;155713;0;48356889;16;155279;157
32;42201452;22;61377;48;66220503;17;100320;55;44170647;13;96929;0
32;45926735;22;51161;4;51682166;15;99113;791;48548309;17;68541;0
32;44371765;25;52130;2;54429125;13;94457;60;50738681;15;161296;3
32;45332258;23;43833;680;46617147;14;142649;0;58372323;14;127112;0
32;38583592;19;75790;0;59579047;11;163409;276;43752463;13;81798;0
32;46087581;26;35695;522;55685779;17;65413;1768;45747762;16;75451;0
32;39972835;20;61617;0;53393612;11;129432;2714;48344319;15;100420;0
32;43746391;28;52513;0;50934907;14;124500;370;47261845;16;73568;0
32;43650858;24;57395;47;49962907;18;67418;250;46354619;13;81094;0
32;45812903;27;42097;17;53239092;15;119420;12;55199218;17;71810;65
32;39717777;20;49151;50;53939294;13;170524;739;46258485;16;58960;0
33;43969870;27;49752;13;61161326;11;136501;96;49147721;11;205344;0
33;46522664;25;50830;0;55683750;12;319187;0;54298657;9;125164;29064
33;41135032;25;43047;15;58535294;14;109141;51;43273376;10;104054;1652
33;44596983;23;53758;979;62047314;11;209712;218;47591347;10;231347;2
33;41401687;24;43629;66;52342021;11;96115;15780;46732316;17;66589;0
33;45197877;27;72148;2;60770683;10;208498;95;52978986;13;139047;0
33;46643027;25;57606;0;63668894;17;135526;2;46095273;13;81695;0
33;45622420;26;42783;58;54772753;14;167382;26;49517758;11;124942;2687
33;39734886;21;86836;49;60702884;11;148892;817;45494662;9;191300;3610
33;45322610;27;43355;105;59322037;15;187481;149;41653599;14;91937;0
33;46630720;26;53926;13;64596087;16;137949;109;53721492;14;137553;563
33;43926592;23;49606;46;49920815;16;140120;54;48186180;20;70752;32
33;43913465;21;57919;322;56538821;15;146843;0;45194315;12;98737;175
33;43617449;23;57232;13;57967052;13;122225;87;42875856;11;114737;4877
33;42811569;20;58345;94;53517512;15;120905;42;41804461;14;63301;2898
33;45404952;24;42544;475;54644866;12;159367;13;51811502;15;88700;0
33;44570545;23;47321;88;59085510;11;220091;674;50018134;13;138361;0
33;44786086;26;49352;6;56147905;19;73802;4;44365873;14;68442;3922
33;48315630;36;66544;0;61027751;16;105271;0;52683270;14;101019;56
33;38616285;17;92835;171;60759265;9;173852;2425;43940425;15;91844;41
33;45887193;31;44635;115;49577931;16;54963;0;49140386;19;71012;0
33;41272443;24;43346;45;59625483;16;110941;16;40305971;12;93824;0
33;40914958;21;51717;42;63861904;15;120720;145;38710561;11;112880;1226
33;45412244;25;43064;0;59134579;14;106543;2720;41022148;16;86247;49
33;39096105;21;75615;120;58979749;12;284564;0;44646888;13;89411;191
33;41316810;22;51574;180;58840497;16;107045;0;43269106;12;79398;71
33;43580863;25;42181;3;55123081;11;150128;1753;43848144;14;65707;1621
33;43407694;21;46123;138;46503770;15;98724;23;46747262;11;136182;669
33;43464078;26;42314;45;51613876;17;85377;0;46656585;17;155331;10
33;43435123;21;46244;1697;46765528;12;120667;8;44754254;8;127476;70
33;44155427;19;58271;333;52326512;13;130487;112;46874488;12;92443;864
33;43362969;23;54342;13;55428888;20;65448;49;45244381;12;94464;0
33;45448279;27;50482;0;60743904;20;117311;184;41575168;14;61350;152
33;38883860;21;103476;59;64560673;12;125721;16;43253782;13;75779;149
33;47339725;25;61874;140;60794264;14;191740;33;50248548;14;133168;0
33;42743075;24;42015;17;48370620;11;132633;96;46877035;16;79706;288
33;41765504;25;43423;72;64851036;13;119250;510;38032401;9;79046;21533
33;39357380;20;58586;0;60710827;16;129966;1;41791062;13;118718;211
33;42535046;20;42016;421;52937256;5;251151;0;55191201;18;92081;19
33;39861002;21;56590;0;59861712;11;394762;56;46850292;14;129237;5
34;47335199;27;42467;12;60445854;18;105410;0;51370850;10;150526;0
34;45536674;26;55940;0;61262649;15;226604;25;53255967;14;90558;22
34;39427162;19;73502;20;59618766;14;121316;9;42069148;13;87902;1819
34;44496557;24;47966;80;47790339;13;130831;291;48358713;18;85559;19
34;40258579;21;43371;417;52623712;15;98323;2;44712845;12;89557;827
34;39025780;19;61220;206;62848049;20;73776;0;45523999;14;98934;0
34;45618483;29;41581;41;48890277;14;82478;4;49323018;14;75577;446
34;44774837;27;35179;74;58971560;19;84514;0;42002538;11;134070;18
34;46348464;29;39836;172;57484757;11;346959;0;54098888;15;132404;18
34;47973666;27;75023;1;66640490;10;270464;1112;48508924;12;99064;34
34;44753730;27;44644;18;53716165;12;152148;19;51665960;13;85119;4
34;45372084;27;45576;366;49501015;20;96517;0;44598831;15;75467;0
34;41489097;25;42646;31;48205957;12;77846;5799;51007215;12;94904;392
34;44926050;32;47148;0;57031138;16;108902;2580;43141916;12;121430;135
34;47571976;25;65878;6;55967720;16;96108;17;55455769;12;199086;14
34;43785282;27;54240;7;49114073;17;49241;484;46857831;10;125981;0
34;44370222;26;86070;16;47507484;14;153963;225;48442132;16;159769;0
34;43879899;24;67935;120;56692272;6;415930;21;51289782;12;91777;559
34;44245952;29;46806;33;48386612;10;136856;408;45868589;18;65958;1155
34;41385250;18;114714;14;49621947;15;96624;0;53306276;12;128001;3
34;41748317;27;42240;31;60284495;12;111668;61;42901494;12;118839;4
34;44214712;22;89275;135;62616459;18;133920;14;48181876;15;200354;0
34;47659971;29;55516;74;60220533;10;190972;19;52660996;12;93234;4218
34;42235934;23;41376;173;53485006;13;110378;413;46227797;12;99262;594
34;44698464;28;35196;5;54787626;16;104076;162;45617660;17;69732;0
34;44303397;23;42052;8;50196982;14;68466;388;51735703;12;108705;280
34;41447804;23;43490;149;53167244;12;94648;58;45341624;13;64128;17113
34;44939002;27;53490;0;60483624;12;130265;54;48388192;15;127552;94
34;45094888;26;46111;1;48314080;12;131132;144;44997243;13;150445;0
34;43765987;23;43194;272;52461585;11;243306;10;45713045;13;100368;275
34;40720883;24;41125;311;52338740;13;101966;0;44900356;12;104632;71
34;44413435;25;46870;86;56931475;14;156730;240;51394900;11;126335;2534
34;43827468;23;58808;22;52649955;13;111204;8;44806902;12;158268;40
34;40462878;20;69102;176;66573087;10;202347;152;43280572;15;100626;0
34;45645226;24;40234;426;53394078;10;138269;95;43445509;18;101131;88
34;40197490;20;41606;1148;43063676;12;85617;13;53707421;10;142668;197
34;45000817;30;48105;92;56362231;20;118228;0;43184334;14;105730;0
34;40792061;22;70634;706;63221087;14;148251;4256;43341748;15;121132;0
34;42530836;22;59012;74;50008120;11;208143;5;51575552;13;242187;65
34;46270169;23;54629;19;59641693;17;133582;99;56415596;16;173822;0
34;43292245;22;60078;193;56743995;11;147520;417;45052117;16;117071;0
34;39319258;24;55768;0;57904677;9;263194;1;47701233;12;132697;1575
35;43651283;25;49917;179;51753518;12;155173;1253;54932520;14;131848;11
35;40118808;20;55268;88;63328389;14;209595;103;43572744;15;115463;27
35;43540036;26;55053;109;59794543;15;121781;298;45036396;12;102791;149
35;47993880;24;67336;0;62681730;19;107494;66;49547001;12;132340;464
35;40371362;20;56662;0;53367061;12;192394;0;48709085;19;72113;4
35;40774425;29;41912;0;56987995;13;94219;3118;46792937;15;84829;0
35;40330386;23;41526;135;61626370;12;114907;0;40816137;11;121012;2521
35;45591374;23;57616;350;60347882;18;156663;432;48452365;15;71770;925
35;44201329;30;44433;0;60152437;21;134814;0;45861725;10;122599;763
35;48070837;29;57366;0;68485439;17;117256;4;49665215;11;260561;0
35;45047544;29;59654;120;61620257;18;131870;0;50314831;18;158184;1
35;45771911;24;55509;11;56650543;14;175306;67;49660524;21;84920;0
35;41062418;20;71944;552;57082412;11;227777;454;47711806;14;114886;0
35;43417444;23;56188;172;50160289;13;180283;18;52224596;10;280805;1
35;44630309;30;42845;138;62670757;19;77824;28;43289893;13;94085;175
35;40867595;20;64878;248;57235075;16;283686;0;46642066;14;86726;0
35;40539217;20;58426;26;48582091;8;177279;258;53687680;12;95754;141
35;44894422;22;59534;334;59701309;17;100962;1811;43275970;12;104177;0
35;45859667;26;44412;173;57881871;10;142417;2;51634035;17;108202;89
35;44124258;24;47390;137;59656241;19;142944;0;48603932;16;117774;5
35;46376320;29;46409;158;60685314;17;155387;0;50092355;16;189050;0
35;44805416;24;43899;230;53310652;13;160091;1902;50290832;16;89254;868
35;40320452;19;56357;269;55110601;11;224742;147;47065141;17;65647;0
35;39839741;18;54482;417;52532439;15;190636;96;48644290;19;74198;0
35;46630705;28;52817;316;55288801;17;111085;0;59953220;9;218250;2
35;43373150;22;53022;15;54512544;14;81189;2811;47843895;13;103725;51
35;48909020;28;53513;169;61758621;15;231859;27;52075018;11;218523;2312
35;44941456;27;41472;178;58199351;16;58712;136;48770883;15;104931;1718
35;44876243;29;42471;0;60840967;16;109380;0;48592049;12;186414;246
35;40253356;26;45637;0;58118682;18;103309;85;40839692;15;66705;41
35;44735218;31;56376;6;55045772;16;137785;368;49777873;16;77961;97
35;45853817;23;50233;26;55778855;17;180972;36;48612553;12;190141;0
35;43909070;25;54973;3;57072257;18;79177;1;46327707;13;115831;2273
35;46289193;25;58220;0;67693513;12;233371;108;46279919;10;126271;0
35;40998960;25;43079;32;50549766;17;84827;1;51034087;16;85133;0
35;47192316;28;66311;0;50552872;14;173536;1;61708026;16;118891;0
35;41735117;22;42502;0;48533173;11;145398;2077;49469424;15;81608;2
35;44928937;27;51892;0;55678118;14;192232;0;47536090;13;96580;1244
35;40906928;27;41139;5;57376080;10;95052;10257;46389852;14;75404;1649
35;48147507;27;58723;23;57064880;14;179643;335;56912362;15;162162;0
35;41808676;22;42659;1235;54243253;11;204907;1182;45323840;13;105762;310
36;40716584;21;65699;117;56630567;13;391068;0;46293306;9;128054;25605
36;40918227;23;47839;28;62641674;14;125012;68;46743323;9;169296;681
36;40754556;20;59249;85;62726669;9;183072;27;42501429;12;114401;22
36;47063706;27;62836;0;59511541;19;77517;36;52985699;14;110359;46
36;43194715;21;58794;6;54886436;10;166995;0;45124916;12;150664;0
36;45095861;27;46844;17;53562097;15;93764;204;49225893;15;71607;5
36;40903244;21;49945;0;61037527;13;97400;1;48951096;11;287386;302
36;41230760;21;61521;0;57480470;15;124247;0;45781255;12;125285;0
36;43372516;24;59369;11;55227454;14;193194;0;48437598;14;72075;886
36;40334348;20;62806;1608;58956870;13;99760;4705;49401656;14;73713;413
36;45088244;26;57594;23;56482143;21;96076;0;48763775;18;74820;0
36;44766882;25;40435;902;58493688;19;250921;0;51341851;11;205272;258
36;40434121;18;99455;2;55446582;14;105457;14;49418486;15;143359;46
36;46093223;26;48606;76;58783459;12;116947;0;43843691;16;99076;0
36;45339070;25;45788;2;57538170;13;199981;0;50890127;11;244421;100
36;47954439;28;65617;7;63657898;15;93251;111;50807186;15;161079;0
36;43329799;25;44110;0;51664867;16;139239;0;50342779;9;177626;2610
36;43852178;22;58658;370;53432239;13;193960;4;47419053;9;223151;0
36;47606786;30;51999;74;67632529;15;83279;202;48216545;13;183064;18
36;40923333;22;63981;26;59728076;10;117354;1193;46596990;15;82727;1711
36;45056108;30;45533;1;56074697;12;127256;0;50541489;12;241120;2
36;41106111;18;73979;178;61537151;9;229162;287;43399817;17;89597;0
36;47824433;28;56191;5;65992066;17;89732;0;52260982;14;103300;0
36;42806998;23;51462;0;57482021;13;98942;253;47610829;12;98723;15
36;44688600;27;54068;105;54183989;17;138967;66;49206194;15;73480;1884
36;43156551;25;58060;2;55798347;17;88764;0;45917829;15;162970;0
36;46280715;25;56321;2;54328626;19;129814;0;47512057;14;94117;38
36;41682070;21;50923;667;67476126;15;109185;209;43284050;17;62899;0
36;46090823;25;45717;201;63171070;14;154835;7;49835257;11;188966;3470
36;44233960;21;50582;1019;54941957;13;117373;279;46633716;12;163509;390
36;40755441;24;53234;53;55940253;11;327523;13;49347646;19;90574;1
36;43990446;30;40395;0;58493623;15;146835;0;49225216;12;125289;0
36;43219741;19;55905;2766;51639119;10;121699;3078;48924433;14;90440;9
36;48339011;24;49869;4;64413917;16;126817;2;52417464;13;257550;0
36;44012234;22;71375;79;54096319;15;96295;37;48778628;18;69648;0
36;46913649;22;51301;53;59887885;16;176387;0;54772932;13;100110;774
36;45097591;25;50305;0;55725982;20;136151;2;54817029;13;277928;0
36;46548941;27;57287;7;55306268;16;126800;0;47441000;17;84596;0
36;45434944;27;48543;161;55657804;9;128306;29;52954216;13;199524;46
36;40870657;23;61155;1;62845475;16;104127;179;44875550;15;95852;16
37;47001876;25;68575;24;64268032;18;92871;0;54424767;13;112796;46
37;46365528;31;40849;0;62609448;20;149323;0;50026195;16;187406;0
37;45367263;25;57159;177;69907829;19;151555;0;44331144;17;123743;0
37;44897944;22;55500;71;52850671;15;126692;0;48052016;18;62969;0
37;46274071;27;45947;410;59477566;15;298185;6;50005997;11;191988;24
37;41179526;20;72460;81;67076461;11;256449;3198;45646494;12;123876;211
37;46841849;33;63276;0;65430857;18;90185;1;51899652;11;138895;0
37;42196252;26;47498;17;57900573;11;147470;16616;50958212;17;83493;0
37;44885021;20;54644;2781;51925157;15;173122;143;45309268;19;64791;0
37;46895758;29;41846;65;50938135;16;79709;0;49333758;17;180566;1
37;46651371;23;64276;11;64089620;16;89849;405;53612107;12;140637;6
37;41081349;23;49516;0;54163483;13;91505;9;52171938;16;88831;0
37;41446616;21;50292;144;58884425;11;153822;720;48413399;12;160922;723
37;45604900;30;55259;1;58085226;18;90340;54;45681047;18;152225;194
37;46323299;31;54405;0;64327478;17;161982;64;42741362;16;64967;1504
37;45179041;23;47070;1584;62304406;14;144606;3;45512174;15;129283;94
37;41450889;21;65292;0;66198606;13;135402;486;43666744;17;100083;28
37;41373595;21;64510;40;65403400;16;122489;155;44179283;11;119628;1365
37;41712944;19;64962;285;51614471;16;82351;1;53820929;14;86112;0
37;44646522;22;44257;103;52491031;18;104496;29;49281547;16;107164;229
37;41998636;21;48859;22;68369828;12;165435;160;42502499;16;66881;21
37;47683199;23;67869;2116;67297006;16;94451;2;50867990;11;180282;19
37;45239518;21;64437;67;56939556;13;91457;159;48178434;18;69267;395
37;46426705;25;61024;0;60208391;15;97007;2;47697932;13;192511;54
37;43509169;21;57071;389;59164341;15;93886;0;41827901;14;124323;142
37;47125221;26;56958;22;68404827;19;94897;53;50034482;11;192088;485
37;42318209;18;68088;67;62301566;11;252671;1362;49029547;11;129279;50
37;41252753;21;52974;54;59464891;14;94838;19;45986569;12;91396;92
37;45277967;33;41628;0;51285897;15;135500;25;53864224;18;75212;0
37;45349601;26;44474;43;61298589;21;91191;0;45637047;9;183585;1003
37;44389089;21;59299;2791;53540445;12;141005;3042;44829333;17;64857;686
37;41123691;20;51203;31;62310900;18;160335;0;44753152;17;86023;104
37;48401684;24;51625;7;56037790;11;86277;228;58303591;14;222434;42
37;45268802;22;42695;811;54074717;13;75177;2397;47814719;20;93605;0
37;43902701;21;56663;317;49664724;11;196217;32;48894891;11;119090;0
37;42403302;22;65561;0;63305603;12;145223;658;49321764;17;88224;0
37;45113334;23;56415;239;56154191;16;92983;177;43492675;18;66759;0
37;46167805;35;47254;8;61328652;12;258621;0;52941479;12;192343;68
37;46237729;23;64418;394;65002183;15;125300;0;52043268;11;142465;11
37;41517468;21;64382;25;62383895;14;204524;84;50026061;17;89455;4
38;47394294;22;116062;233;67974057;15;93374;79;52496003;13;219209;2
38;45627072;24;48857;0;56982098;19;107997;0;49833554;21;93777;0
38;41977561;22;71006;15;66672154;15;146976;106;45735026;17;82447;0
38;45157819;26;59654;0;60283563;14;132853;1;49248157;13;148611;3
38;42360421;17;56500;328;65430980;16;201826;7;46132350;14;73246;14
38;42471731;25;50935;0;62125953;13;103455;345;47688001;14;120087;1679
38;41478533;25;49543;0;58188198;14;100499;7;48316899;10;142952;2335
38;45810953;28;50143;26;56310817;11;313361;0;52849643;11;141530;117
38;48718287;29;58566;122;67709322;12;179058;4;54466669;16;197384;20
38;41642549;23;46721;0;61861532;14;96851;3370;47921198;17;137677;6
38;47473418;30;46586;1;60449862;16;150219;0;52279997;20;61454;0
38;41496299;17;106139;273;64051717;10;219436;0;45004358;11;144048;5278
38;44964857;25;44973;90;57780439;14;147039;177;46043500;13;79214;60
38;46276978;25;43356;168;63609136;16;78699;14;42691744;16;83387;597
38;42323695;21;93825;299;58819305;15;148132;0;51255043;17;129961;42
38;46593569;26;66137;0;64377672;11;90108;31716;53114322;16;120809;67
38;48592565;23;56282;175;77051948;23;127609;0;51234466;9;164899;262
38;41413921;20;105609;660;61984585;11;258710;302;46854004;11;155963;970
38;45431582;24;51952;225;57931983;15;103778;350;47222575;22;66474;25
38;45234640;23;40155;0;53109106;19;110534;24;50294337;12;76416;872
38;42633699;26;43515;24;63979680;18;105411;0;45949397;14;93703;5376
38;45830387;27;40703;332;59043738;18;80286;2;45149684;17;66850;759
38;42594400;23;64328;80;68900749;14;118756;11352;45210214;14;117406;53
38;46917324;25;43992;310;61997737;14;115268;7406;44985526;16;90316;1000
38;45835354;28;55589;0;59913430;15;119214;9332;45824829;18;122698;0
38;45599038;21;46469;0;64455863;14;159638;0;47806768;17;135093;0
38;47589730;30;45330;0;59754095;17;114848;2115;46131661;16;134243;0
38;44710388;25;73400;270;57281851;18;129315;90;45072022;12;80283;74
38;47449877;23;66871;81;74748929;14;108797;2017;51048951;14;198055;14
38;46256980;30;44702;0;64828856;20;115182;0;51349776;14;112400;125
38;47186839;25;66239;107;69404465;12;126079;93;52291801;11;159013;18351
38;44219452;25;57087;0;58110614;15;77023;363;44355118;15;84513;16
38;41806040;22;51923;497;59941113;11;146682;4920;46998600;16;68597;130
38;45832645;25;43158;53;70575770;17;198784;3;48944184;16;111360;13
38;41374453;23;73322;329;62206851;13;180325;29;48587257;14;170413;0
38;47054124;24;81195;89;67255287;16;110144;0;53439956;19;108817;0
38;41488843;21;69665;95;62569200;14;153995;91;46995500;11;149574;361
38;41624241;24;50481;100;51147360;11;137119;0;52430989;12;106088;5894
38;44434761;23;57581;2;62269704;16;124748;0;42643600;16;58747;234
38;44259940;27;40754;4;53511515;18;86436;0;47260018;15;67240;2541
39;43195297;21;79807;220;57431935;15;167902;7;51796814;14;80037;2615
39;44531748;27;39352;0;53550743;14;99754;2;46193757;17;89211;0
39;48013821;26;67724;15;64916500;18;95414;0;54248568;14;163293;28
39;45456984;28;43801;16;57099397;21;87571;0;50128623;20;93415;766
39;42655234;24;52751;45;62725935;14;144792;0;45950687;10;151272;16056
39;47085411;27;39505;23;64962632;16;129068;8;50755089;10;120095;3727
39;45009599;26;55291;0;54809710;14;127406;8;51719949;16;138609;96
39;42500480;20;65702;125;75799958;17;204349;0;41995229;18;62403;42
39;44605793;25;57122;150;58347791;15;128552;7;43234652;12;80519;23
39;41937136;25;63136;2;70540498;22;111412;42;44448416;10;191864;0
39;45407477;28;55815;0;55149318;18;127269;406;49591583;16;84394;28
39;42344474;23;69036;146;70660306;16;107334;0;44015522;11;111976;98
39;45526764;26;44732;398;53981593;14;148425;58;50935823;21;64553;258
39;42155030;21;67465;223;59117469;11;187767;196;51849912;18;130489;0
39;46087391;25;65506;2;60954253;18;80021;4;51638035;17;134713;10
39;43560511;21;40482;154;60319109;13;143817;0;50716824;13;202328;0
39;47447128;28;44521;79;59472448;15;118171;85;48622264;20;87346;144
39;47136654;26;63430;43;68077926;20;86181;0;57567029;13;257455;1298
39;47114694;31;62507;0;64521599;16;138781;0;49877671;11;176839;3329
39;41558652;21;44161;62;57929085;13;93328;0;49119534;16;94184;482
39;47930344;25;66165;150;66240619;13;174045;11;55785550;8;295918;5371
39;44145728;24;38777;869;68835252;17;102928;0;47504647;17;88032;1661
39;42627680;21;54453;327;67639689;14;164473;0;46339144;17;68822;135
39;46713788;25;41305;204;57580826;18;139270;0;43916211;15;87990;0
39;47654391;27;69095;0;66189295;14;141927;0;54469730;14;209766;0
39;42795575;20;60473;324;61259098;17;87481;13;50335460;15;87813;447
39;48036490;28;37461;9;64955698;18;125804;42;52715762;10;144277;72
39;46990725;27;39269;763;53504397;16;96439;5;62182661;14;228569;0
39;44971977;24;64216;17;47564179;15;68517;146;57975204;19;98348;23
39;44529835;27;40371;15;58670803;16;110828;38;43160715;19;57631;0
39;44115433;26;39929;406;59039145;17;160380;0;43474545;18;91266;0
39;47516138;25;77010;0;59831013;23;85932;0;58426959;15;179395;7
39;43251089;20;63886;103;61127848;14;158605;10;49104857;12;124247;21
39;47028105;25;43266;16;64397718;19;172581;0;53809981;11;337527;8
39;46411219;26;51887;103;54175776;18;85005;0;49299422;15;92762;1562
39;44492826;26;52985;2;62176180;21;190111;4;49341929;13;192458;20
39;48578520;27;64470;129;65196102;14;89480;3785;55609899;16;316163;4
39;44608807;23;40729;3;53602237;12;96796;45;47467756;23;64374;0
39;43934231;20;85425;183;54109053;18;99475;0;50544164;14;93111;1
39;42925151;24;82313;114;72121878;19;108702;2;43117315;19;77718;7
40;43705733;18;73657;108;64552681;16;108395;7;45025780;19;74880;0
40;47543109;25;53006;149;69684453;13;143070;38;53992685;13;128923;372
40;43613168;19;64574;606;59291610;15;93849;0;50282898;15;95639;0
40;42700540;24;49968;14;62502401;13;106476;18;50440619;23;137028;0
40;43993022;26;47878;13;60996217;11;103431;62;47359966;17;87384;2
40;42947131;23;92843;463;58717025;12;100228;23;50511799;14;109765;155
40;46156123;27;41016;100;55083153;19;126547;0;49930350;18;87006;0
40;44627613;28;50137;6;54131219;15;113887;0;52991774;17;179493;63
40;47726202;23;52302;2;64949335;12;143107;0;57892000;11;254955;480
40;46648671;31;38178;0;64710121;20;123618;0;48939498;15;132110;0
40;47576254;27;48133;185;60983862;12;124879;157;51037971;9;228428;1823
40;45785908;26;44963;68;58468199;17;107546;0;47798577;14;159960;0
40;43263025;25;62026;1;60965138;11;287696;0;50676283;10;230176;33
40;45812604;28;41613;15;55739869;16;131582;0;46170505;19;85350;0
40;42899445;23;76394;0;59403922;12;252385;753;49661083;15;175989;1277
40;43189872;26;51042;28;56355090;11;95860;13;51447725;14;112356;791
40;43994910;26;60912;117;60479430;12;312962;18;52115621;12;130396;35
40;42131826;21;93171;439;57432805;13;197591;0;49372182;14;128976;159
40;45254163;30;55421;0;55691975;16;91813;15;49423173;17;184809;8
40;48396393;26;61612;0;79392903;14;167491;0;58280322;21;129761;4
40;49432685;25;74683;0;57536110;15;88796;9;61498448;11;194402;7526
40;48576481;29;57574;69;62475479;13;192664;26;59414296;14;114123;10
40;46644124;27;60971;1;55389385;15;181459;2839;50588262;15;83918;531
40;46199440;25;41777;79;58621661;15;113639;0;49514409;16;151680;0
40;46033799;26;40090;826;52792623;16;101022;0;50513648;20;132575;0
40;46693783;28;43262;2;52054221;17;103711;5;53353362;19;65129;2091
40;48212590;26;63478;112;59414578;17;127894;140;60912723;15;124676;79
40;43004401;20;69335;97;58433790;14;183486;118;52485264;17;72894;586
40;45401269;25;46189;582;49370948;13;108788;27;56548904;16;190277;55
40;46775201;25;41301;267;59697498;11;197191;0;48906807;9;185194;39
40;44845286;26;49203;134;62245370;17;108433;0;44600925;17;113505;1773
40;45859092;27;44609;20;55475150;10;149595;6441;48749195;19;130075;155
40;47201380;28;63034;110;54780820;12;179273;28;56526027;10;173172;0
40;47718379;29;42289;157;56851341;9;261937;11;54429270;15;148674;131
40;46917064;29;45215;0;57362555;13;455405;0;53645333;15;117266;237
40;47269013;26;55626;23;69358770;16;199406;22;51685960;12;200144;0
40;42329367;22;54088;36;62047464;9;139080;20209;54223319;16;159989;523
40;46084326;28;42921;238;60186017;15;115003;0;49519407;12;198510;1
40;45246795;24;42963;0;49245789;10;168508;32;53638421;12;186390;726
40;42222762;23;72254;87;56408579;15;170149;115;54383079;18;146814;115