label;top_2_pxcount;top2_fruitcount;top2_maxfruit;top2_minfruit
10;17782855;8;53846;15746
10;16199420;10;30585;13471
10;20848665;10;66566;32
10;22737304;10;71400;12
10;18554676;9;48972;45
10;22653232;11;84808;72
10;17560830;10;66208;165
10;20481043;12;33915;486
10;21984304;12;55005;112
10;19006044;12;53121;106
10;22495348;10;40811;19189
10;19681501;11;32364;132
10;18662796;10;45069;102
10;19026811;14;49165;36
10;18858965;11;43944;2236
10;19406624;12;44026;94
10;19606043;13;35774;30
10;21092763;14;42714;0
10;21466264;12;41323;14
10;20069804;9;49034;1858
10;19577955;13;51322;40
10;18402134;10;57842;650
10;19229598;13;33249;37
10;16095352;11;37264;10
10;22921816;9;62073;17923
10;19438739;11;73532;71
10;19284178;11;36797;80
10;20062000;9;41493;83
10;19837007;10;39878;138
10;19367974;12;52486;10
10;19251224;12;30982;157
10;20538827;12;38032;0
10;20555414;11;52416;242
10;21424713;14;55746;325
10;19477879;12;60415;162
10;15721727;11;31718;999
10;19567971;13;31479;26
10;21514234;11;50984;192
10;17824203;7;41446;17409
11;22608678;13;53528;72
11;23843800;11;53903;40
11;21883198;11;74192;455
11;23001238;11;53144;13869
11;22841202;15;53403;164
11;17925446;11;53570;66
11;23270031;13;80081;12
11;21185754;10;56500;11912
11;20359614;13;42085;19
11;17958862;10;36929;12628
11;19098471;11;41628;13675
11;18787860;10;41461;14068
11;22039011;12;39728;647
11;23396597;9;73050;51
11;17579115;12;33284;530
11;20783225;13;43183;797
11;20268529;9;51105;423
11;19155157;11;66524;59
11;21181715;10;41272;14551
11;23372175;11;67066;958
11;22955300;12;57266;32
11;22410243;15;51437;15
11;23185843;13;50501;24
11;20494634;12;86035;2
11;21749712;11;29183;16293
11;20315506;12;51583;12
11;17808838;11;30350;14505
11;21463570;14;58752;62
11;23139132;11;51719;818
11;20897681;15;57189;57
11;22751928;12;38962;43
11;21774350;8;92477;15706
11;23341943;16;52635;247
11;20742892;11;49296;22
11;24104469;12;58548;77
11;19375040;10;47693;11056
11;20122655;12;43208;33
11;22394926;10;55380;2706
11;22012441;11;40706;13383
11;18178330;13;24854;96
11;21257144;13;53360;74
11;21860138;15;64924;10
11;22910422;8;67792;13654
12;21386520;13;40357;40
12;24512711;12;33112;12903
12;21641093;12;45738;2
12;22314065;18;45537;23
12;21454650;12;63027;2
12;24667793;11;59821;63
12;24793726;12;55237;1621
12;24021000;10;79231;1342
12;22539455;11;45495;1417
12;23102369;16;39930;4
12;26355888;13;64258;273
12;24362608;13;49542;794
12;26183439;12;43702;2141
12;20907906;12;45942;296
12;24059258;13;34235;2084
12;24670258;12;42669;232
12;24925483;14;54357;62
12;23197572;11;58509;1367
12;23692145;13;36809;88
12;25817523;11;57656;14450
12;23937303;15;32275;80
12;22289527;14;65428;5
12;22592624;13;64410;225
12;22324506;11;54332;12559
12;19919806;12;33104;195
12;24599404;13;45399;4
12;24573967;11;79330;148
12;25888901;12;49917;90
12;24391481;9;81946;14922
12;23389168;13;112172;248
12;24456692;19;65734;0
12;20552173;13;54197;22
12;24963342;11;65039;343
12;19498967;11;47639;12
12;24902862;15;52322;8
12;21403563;12;40245;2097
12;23752185;12;46526;383
12;24520296;16;52234;9
12;23222158;12;45612;114
12;25582507;12;58123;0
13;26667158;12;86213;149
13;26225184;12;83861;441
13;25579038;11;58474;386
13;26870245;16;49280;248
13;27095412;13;52300;1674
13;26016819;14;33999;2
13;24208248;14;50955;180
13;25788041;13;44431;1491
13;25168741;14;50456;97
13;23884154;14;43895;47
13;26939875;14;60668;83
13;24587774;13;77961;36
13;25757736;12;77275;6
13;25544489;14;40590;179
13;22403463;10;57584;10630
13;26253663;13;32450;3550
13;24325242;13;35294;11700
13;25172567;14;65795;205
13;26623024;11;53092;15888
13;26169707;12;55055;4
13;27162217;14;60706;509
13;25199053;13;92392;23
13;23334709;13;64829;393
13;26008240;15;43381;2
13;23625651;13;49895;44
13;23302935;12;61627;216
13;25853966;16;56291;5
13;26598617;16;50293;251
13;23906346;14;44128;0
13;23787152;11;55804;818
13;23923681;15;48757;429
13;23980739;14;37232;2389
13;26567774;14;60530;171
13;28570214;11;110004;80
13;25265895;11;48202;11872
13;23397021;16;47412;250
13;23041663;11;52369;1356
13;27413412;11;86211;34
13;26066442;15;40996;19
13;26322301;16;71843;4
14;26053992;15;41481;157
14;29506728;18;63866;11
14;26056942;13;58265;956
14;27851496;15;48833;54
14;28468909;15;64457;133
14;28239195;12;99235;101
14;26729583;14;39855;104
14;29342738;13;119053;432
14;27570905;15;68497;85
14;25921804;14;61743;642
14;28664094;15;33381;406
14;30173419;16;49079;265
14;30013665;16;46399;1785
14;24426934;15;42815;7
14;29505817;13;84592;17
14;27910752;16;32323;167
14;25074246;14;55467;208
14;27822994;13;56088;14487
14;25547075;18;44869;98
14;25932400;13;62786;39
14;27903624;17;43580;10
14;29005585;21;63776;0
14;28283240;14;73245;26
14;25272913;13;65457;914
14;27898862;16;47280;20
14;25049917;15;40433;0
14;26281670;13;46329;270
14;25529461;18;66577;61
14;25906856;13;46553;10026
14;25990556;11;59940;12216
14;24870410;15;64389;358
14;29077727;16;55731;50
14;27801147;13;85181;815
14;25090409;14;47532;189
14;24986388;15;40260;315
14;26637939;14;75069;572
14;28589056;16;66476;10
14;28590828;15;54309;79
14;27327729;16;34057;0
14;28942837;12;70906;2086
15;30245437;14;45569;62
15;28928073;12;61731;134
15;32785710;16;61795;73
15;29376314;19;52147;11
15;30096070;16;40775;0
15;27674808;17;34201;6
15;31384737;13;67851;146
15;26169115;13;49874;1392
15;28987949;18;37947;0
15;30677452;15;45554;165
15;29395385;16;66619;72
15;29829321;16;46637;78
15;31318823;19;60021;0
15;28757904;17;43728;17
15;28894281;12;49570;12312
15;27093402;18;46497;2
15;28437554;16;69318;73
15;33124831;16;42983;98
15;30368894;14;47269;985
15;30564983;14;53289;0
15;27313706;15;42324;8205
15;27478032;13;41418;5230
15;28547609;14;81894;2
15;29528455;16;56896;133
15;26824945;16;42468;101
15;27451746;16;58871;37
15;29513140;18;59513;0
15;31452528;10;130773;62
15;26741103;17;52749;703
15;30807668;11;88306;62
15;27409413;13;43063;98
15;28866538;14;52638;37
15;29003922;13;52620;13017
15;28709334;16;47509;53
15;26783828;16;55536;100
15;28399267;12;48693;43
15;26873192;19;67189;12
15;28590683;12;77468;745
15;29793237;21;71266;13
15;29552200;15;60701;2227
16;32444951;12;116001;432
16;30594123;16;50959;0
16;31102122;14;61468;5
16;29330938;16;52411;77
16;28489675;19;63863;29
16;30187140;16;46073;156
16;29711934;17;46267;48
16;29230305;13;48067;54
16;28806929;15;45906;86
16;29952502;13;78001;47
16;30860551;17;97421;24
16;29809356;17;52311;23
16;27520832;16;57971;54
16;28749281;17;62588;111
16;29381359;14;45347;79
16;30389343;18;83878;0
16;30348508;21;54513;16
16;31211799;24;138783;4
16;33258109;15;59399;9576
16;27849100;16;55075;139
16;31434965;17;40731;68
16;28052963;15;72903;35
16;31265712;15;111360;0
16;27937651;14;49715;1925
16;28476252;15;48355;1033
16;26455984;12;75868;92
16;30481224;12;75339;67
16;30281403;18;63147;4
16;29038186;14;75235;556
16;30432049;16;57047;414
16;31879654;17;46930;12
16;32524837;19;68035;11
16;30854084;20;38859;3
16;27933705;19;41724;0
16;29396084;20;47912;21
16;30160979;19;50065;225
16;32578346;21;66528;28
16;28153478;15;48620;290
16;31360875;15;93915;4
16;32659238;16;90639;85
17;30635096;14;61669;1216
17;27491827;13;65933;152
17;30513342;18;63643;0
17;31206217;15;50831;664
17;33321554;20;71882;4
17;31094920;15;36835;0
17;32373463;19;40069;19
17;29324392;24;43244;5
17;33929310;21;51139;38
17;28770149;15;54256;8543
17;34179949;18;105384;73
17;31543101;16;48207;132
17;31102352;14;55046;483
17;30599635;16;56852;213
17;29405197;17;36174;87
17;34532956;20;86650;9
17;29629187;19;68278;59
17;31066057;13;53048;715
17;34408261;14;72598;334
17;29777300;16;94432;0
17;33704712;15;62560;1410
17;31600472;21;36534;2
17;32148945;15;47562;149
17;29066143;15;36300;200
17;33178124;17;65162;70
17;32306199;17;48844;129
17;29991493;15;53994;34
17;31673477;15;65164;20
17;33733570;22;43270;46
17;34863305;15;87382;359
17;32915590;16;44476;3047
17;34066344;20;68329;6
17;32816423;16;84404;67
17;31272377;14;48593;605
17;28559967;20;41891;38
17;31420080;18;61414;0
17;30533054;16;65148;17
17;29815030;19;67213;18
17;33613649;17;61763;68
17;31278422;19;63519;8
18;31206910;16;38900;29
18;31365178;15;73749;291
18;32731344;20;44590;91
18;33229218;13;84877;137
18;34099493;19;75717;117
18;34082821;14;57219;96
18;30745655;18;60107;80
18;30489084;21;64271;31
18;31984128;14;73336;654
18;30375338;19;43489;28
18;31737688;15;59908;86
18;30057708;12;69900;8102
18;30893271;14;48420;126
18;32775573;21;53571;27
18;33769113;19;43920;36
18;33355927;17;59846;93
18;31103139;19;38154;5
18;32391569;20;57756;135
18;30402099;17;75718;16
18;34083524;20;123916;6
18;32336546;16;50874;172
18;35208677;24;67106;32
18;34816335;20;64360;20
18;34388329;23;90613;2
18;33882683;17;40668;269
18;33974515;17;89990;160
18;35138038;17;70280;0
18;33303578;21;68563;15
18;32283193;15;55376;2
18;34067388;22;48992;7
18;33065484;16;59856;2396
18;33426035;14;75158;14
18;34758489;21;130287;23
18;30456677;21;47574;43
18;31395844;20;44067;3
18;33873798;18;62560;7
18;29633731;14;82314;50
18;31686615;14;59384;2342
18;29455960;14;73095;280
18;34978605;17;80178;41
19;30603956;18;45357;63
19;32513274;18;71678;0
19;34245317;18;45234;224
19;32225211;15;82159;6
19;32411900;14;107970;240
19;35032523;19;59813;0
19;34104349;25;54442;2
19;34493240;21;80012;14
19;33443950;17;38780;9392
19;35180151;24;35305;2
19;32984590;18;52494;2
19;31199513;21;36304;194
19;34982082;18;67693;27
19;33090700;17;68121;66
19;30250680;17;52089;18
19;35178096;20;48896;0
19;32404876;21;66006;0
19;31737244;20;35380;111
19;28957039;16;44059;9811
19;37468797;18;68955;175
19;34909587;22;51750;29
19;34125253;23;55066;6
19;32409134;15;46670;217
19;32398640;17;62481;21
19;31038537;16;94711;20
19;34808960;23;73191;0
19;33141549;18;60614;34
19;29759257;20;53316;35
19;32834870;15;52414;43
19;34119984;18;35681;4318
19;33808393;18;57421;13
19;33518871;19;84357;46
19;34816268;24;43493;71
19;34232985;25;87688;5
19;31162406;18;60895;107
19;31912892;19;49533;107
19;33794930;20;56415;87
19;32137982;15;59546;2408
19;33613517;18;48943;438
19;36527220;18;68457;18
20;34696334;21;78495;0
20;32227605;15;66161;316
20;36198223;19;72392;0
20;34932989;19;50557;88
20;34061740;20;73966;9
20;33565945;21;45948;32
20;31901737;21;88363;27
20;33470581;19;47136;28
20;34924185;21;45204;0
20;33375595;16;54631;8
20;34832175;15;59315;209
20;35307995;23;63212;42
20;33931731;17;49776;0
20;31221464;21;40263;41
20;31232813;16;66949;4
20;32710378;25;61507;15
20;32413287;19;75357;7
20;34682323;18;41569;227
20;35856697;24;68887;2
20;36043511;17;61569;11
20;37446736;21;55807;29
20;33471381;21;48013;70
20;34385895;19;47316;0
20;34224584;14;77715;93
20;34878591;22;36431;85
20;33295721;14;58495;282
20;37100274;17;85891;339
20;33118631;19;49156;17
20;32938914;19;63958;0
20;31864501;19;48734;774
20;33641099;14;58073;97
20;33497252;20;52679;26
20;33380318;20;52382;96
20;34856128;20;38718;2
20;32488994;16;47786;100
20;32785726;21;58690;0
20;34694119;20;41239;4
20;32936067;17;54025;224
20;31878370;22;63914;7
20;34832754;18;42300;45
21;35763622;16;64390;106
21;36996825;22;44328;0
21;34497573;15;111245;158
21;32846966;17;80198;0
21;31035272;20;66140;4
21;35399333;21;51244;4
21;33894014;23;64809;7
21;33331440;20;67543;4
21;33690524;18;89386;5
21;36641343;25;55747;28
21;33625877;22;50103;7
21;35552663;26;57928;23
21;36807856;22;59678;57
21;35372376;20;70283;103
21;34360815;21;57322;0
21;33092277;16;66925;4
21;34882611;17;84024;75
21;32402550;19;84701;72
21;35922921;19;66960;22
21;32113729;12;100907;19
21;34055970;21;71011;58
21;33210343;20;45674;0
21;32037682;16;84996;25
21;37169000;14;148980;54
21;37204659;19;58869;0
21;34591174;19;65663;79
21;36478840;19;58666;2
21;35919465;21;54448;0
21;33639271;18;74810;48
21;33914184;23;55325;6
21;37010297;23;40715;64
21;33035149;18;54071;12
21;37408677;22;58767;39
21;34116872;21;36756;283
21;32542402;18;51102;206
21;30974424;12;78235;133
21;32641672;16;68248;0
21;36449938;18;45752;4
21;31331975;21;90719;2
21;33557551;23;63942;84
22;35692072;15;68585;27
22;34780283;21;52286;26
22;35853730;19;67226;4
22;34157243;18;88140;35
22;32931771;12;84211;278
22;34852276;19;41206;48
22;37856534;21;79288;17
22;37101211;28;91495;0
22;35142265;18;63652;46
22;33415468;22;70424;10
22;33425469;17;53681;113
22;35814699;17;123845;33
22;34954124;16;53301;1410
22;34273129;15;87501;13
22;34576854;17;57984;27
22;35849950;23;38721;0
22;36619362;28;60514;2
22;37187275;21;101595;48
22;34266255;23;69410;72
22;33421705;21;61011;7
22;36821758;21;39443;21
22;37312213;21;42057;58
22;37637272;21;81016;5
22;37105576;22;46593;67
22;34088527;21;55226;2
22;34079237;21;74040;97
22;33280893;19;74637;149
22;35191786;18;76498;59
22;35168233;22;52633;106
22;33952564;16;63241;46
22;33688125;19;53918;22
22;34965932;18;45591;46
22;36584756;20;54427;75
22;36047429;23;63345;2
22;35802412;16;59855;2523
22;38863024;26;42323;4
22;35166715;16;50082;47
22;37591203;22;44561;6
22;34460295;27;72882;52
22;33820292;18;88772;102
23;37230943;15;65846;33
23;34581008;22;54688;15
23;38619843;23;55605;4
23;38522674;27;51060;0
23;37846377;28;57630;0
23;35410027;21;96442;15
23;39689886;22;54870;0
23;38736179;22;54405;73
23;37719876;26;62290;32
23;38544841;20;53017;19
23;35117920;23;102682;5
23;37096656;26;38152;25
23;33915731;21;112610;27
23;35484210;19;96034;2
23;36530303;23;51987;25
23;33404127;17;50726;91
23;35233257;19;60731;0
23;36437611;23;32970;32
23;34798333;20;51182;52
23;35700187;18;82369;21
23;34468738;21;62996;0
23;33868094;18;40457;0
23;36036118;21;71014;0
23;38797776;19;136027;74
23;34527557;21;49388;6
23;37151228;24;84516;0
23;35479670;21;64672;0
23;37585348;19;57308;24
23;35040334;21;53206;3
23;36619879;24;44776;2
23;34927853;22;69506;2
23;39008389;26;59072;16
23;36045668;24;82370;5
23;35953832;19;44168;14
23;36647309;20;74698;4
23;37833167;18;59814;921
23;37235376;19;67186;67
23;34789147;20;47425;69
23;36339158;17;55307;2
23;34308156;16;66955;2
24;35851738;18;56554;5
24;36222724;21;80462;8
24;38456521;24;44192;33
24;34988420;21;49168;136
24;35265589;18;58298;128
24;36918063;18;46183;205
24;36728717;20;127864;4
24;36541281;22;54655;17
24;37563000;19;80510;0
24;40799663;23;48271;22
24;35763043;24;57452;19
24;37839512;21;73779;12
24;37325633;25;72612;2
24;38655769;21;94963;33
24;37258380;28;46438;16
24;37074497;24;68724;42
24;37890988;20;100299;92
24;36405358;18;71655;101
24;37616189;16;105839;0
24;37639278;22;108678;10
24;35054383;22;57085;17
24;37889297;21;51170;19
24;37297395;19;59937;9
24;36297914;17;46442;103
24;38353844;18;42869;12
24;34370497;22;46369;2
24;34122625;26;45562;0
24;36753660;21;52362;0
24;38247156;21;58780;0
24;38183828;14;87556;2
24;39176267;23;67246;12
24;37302196;26;55706;16
24;35155838;25;48304;5
24;34453081;20;98631;9
24;37279710;16;90640;15
24;35231988;18;88925;34
24;38345278;20;57011;33
24;36080171;24;50538;0
24;37977742;13;69506;227
25;37699665;21;56259;50
25;40087810;20;87852;49
25;34357104;16;87774;430
25;39287685;21;44797;220
25;34286141;21;53887;8
25;36371749;29;54922;0
25;38177437;20;44937;384
25;36032249;22;67516;0
25;38031329;23;76199;2
25;39053921;22;55572;14
25;39210779;19;67717;29
25;38985560;21;59042;5
25;38566544;18;55200;0
25;36833315;28;49042;4
25;37721392;20;49585;32
25;35771645;18;68054;4
25;38752108;28;69660;7
25;40002889;24;93964;14
25;39711199;21;40354;246
25;40033887;19;68217;97
25;36410436;19;86092;70
25;39045297;25;55659;0
25;39584655;18;68528;176
25;38634251;23;76835;128
25;38609690;24;59920;7
25;35734836;22;72378;2
25;39328805;29;55578;46
25;38290573;21;65976;267
25;38173109;21;54934;7
25;39660110;20;113578;63
25;34701274;22;51800;5
25;37182657;20;69100;0
25;38320886;21;68421;106
25;34882366;24;82505;0
25;35221016;19;66248;44
25;40388026;22;69424;0
25;36690559;19;56978;32
25;39230458;22;62137;0
25;38359037;22;68717;0
25;38926742;20;54779;12
26;39365167;19;69386;534
26;39155289;23;115797;8
26;38069158;25;51531;0
26;38315498;20;49493;29
26;37124325;22;63501;22
26;40026007;22;46317;57
26;37441549;25;51396;4
26;38538349;24;52241;20
26;35375984;21;68609;10
26;38744418;21;64430;8
26;37852359;26;49936;2
26;38173837;25;98129;0
26;37508921;21;51959;54
26;36751438;24;52944;56
26;39914293;17;84292;137
26;36403156;19;81867;83
26;37406706;18;59919;6
26;37427888;24;71976;0
26;37681863;23;58754;0
26;40659174;24;47504;2
26;40516470;21;78004;30
26;37799752;24;62558;0
26;37552452;25;56734;25
26;40278130;22;43770;314
26;37174741;21;71400;50
26;38309267;19;47568;433
26;40323196;21;83100;11
26;37301228;20;91559;9
26;40933355;26;50454;14
26;39725942;24;52054;4
26;41870304;22;77952;0
26;36627948;17;81873;33
26;39716925;21;67837;116
26;37305646;24;39248;35
26;41726251;28;73888;0
26;37975710;21;56284;14
26;40852772;22;123833;1
26;37108349;19;75052;170
26;35686061;21;78984;2
26;36987431;16;74388;156
27;40069579;26;43658;2
27;36006176;24;98022;65
27;41480996;25;46095;19
27;36986604;25;45520;0
27;37421566;28;46614;11
27;43447302;25;66264;2
27;42462754;25;61758;2
27;37667503;23;60023;46
27;37387207;24;109474;4
27;38130026;25;53494;93
27;38419820;24;44847;10
27;38751090;24;57907;149
27;37251001;25;55535;20
27;41698259;22;40193;6
27;37885184;28;72888;0
27;39901084;22;72332;2
27;38325796;20;48983;106
27;39081281;20;73521;101
27;42534131;27;62594;15
27;40210446;19;49909;88
27;38665204;24;51390;57
27;39543980;24;53006;7
27;36808641;18;65126;0
27;35420492;22;71804;0
27;37288090;23;47259;74
27;39027785;22;74120;12
27;35699778;22;76918;6
27;38176581;26;60825;0
27;39306018;28;61104;8
27;38095829;24;65308;8
27;38672706;24;49650;124
27;39929149;23;69487;0
27;43184585;22;56599;25
27;38172561;25;46869;119
27;37260111;25;57700;15
27;39893129;21;69434;7
27;36068245;19;71856;41
27;39684222;24;57138;66
27;42269621;20;64109;5
27;40669189;23;44771;35
28;39985268;25;42436;83
28;43422927;30;63947;0
28;42948795;27;58181;13
28;40527299;21;71817;38
28;40980966;23;66506;0
28;40273175;28;49307;0
28;37388022;21;54870;35
28;39617619;21;64128;262
28;38316825;21;51845;2
28;38093141;26;58607;37
28;39646566;21;63293;23
28;40660969;23;45331;7
28;38421968;23;49179;4
28;36911687;22;76272;9
28;38505544;23;88441;205
28;39150960;24;54855;46
28;38379246;25;71734;2
28;38509543;25;63279;40
28;41390289;27;50980;38
28;43857915;29;76461;0
28;38073406;24;64535;2
28;37708686;24;75761;2
28;37230196;18;106993;202
28;43477620;27;48832;2
28;37250436;24;71734;15
28;39817897;27;65264;52
28;37940500;21;74458;33
28;39525387;25;87082;42
28;35369460;18;89453;25
28;42616917;29;63769;4
28;42960428;23;52831;4
28;39517199;23;86402;1
28;38521451;17;80977;321
28;40553465;21;69338;15
28;38067386;17;67766;94
28;40492171;23;109208;49
28;40786305;24;47951;14
28;37762701;21;82069;6
28;41290108;25;64943;1
28;41828312;27;40805;0
29;42229400;25;56617;6
29;41476472;20;50716;96
29;40037897;25;66559;0
29;43392868;28;64684;49
29;38434137;22;77122;12
29;41024453;17;72946;55
29;42356106;31;80809;0
29;39374698;18;75376;2
29;38958216;24;46469;0
29;46444549;26;63857;8
29;37680313;22;51070;57
29;40218143;27;71909;10
29;44411328;30;50159;1
29;37276774;24;84091;4
29;37708685;23;55041;1
29;43370803;23;63338;3
29;39057177;29;54224;8
29;37361622;23;79890;85
29;40572811;27;47253;109
29;41994406;26;96319;48
29;38906333;24;66706;0
29;38216467;24;84275;0
29;37095183;21;64686;19
29;40197548;22;55686;19
29;41669866;21;50179;106
29;39861240;23;64182;59
29;39274722;23;49976;7
29;39797366;23;90266;7
29;42471532;27;50942;4
29;38591356;22;57248;106
29;41893895;25;51676;0
29;39522530;25;55227;33
29;39222109;27;57940;3
29;39678923;14;77294;222
29;40662627;25;68608;27
29;38001045;25;65933;21
29;38684828;26;70203;38
29;41290627;20;88934;18
29;39938965;23;70182;2
30;40784755;24;55045;85
30;40609275;25;42500;0
30;40557578;27;54280;17
30;41693950;27;53912;1
30;40342124;24;84014;15
30;39631209;33;48606;11
30;41937633;28;50262;6
30;37949559;19;65219;106
30;40916564;22;54736;82
30;42535008;27;42044;44
30;41194332;26;51864;5
30;40522535;22;45424;5
30;37965548;27;64080;34
30;38728237;21;49450;191
30;38529552;21;46594;3
30;40774399;30;46931;0
30;41316598;28;68335;5
30;40825094;25;45631;0
30;40360420;28;56610;2
30;44229602;28;40665;68
30;44041145;23;65156;28
30;44309131;27;61539;11
30;40677471;24;83718;33
30;39971386;22;67647;63
30;38174185;20;75765;67
30;41808539;20;82024;231
30;44033480;27;51993;0
30;39049354;26;50374;60
30;42721959;26;45499;76
30;41263216;25;55139;20
30;41840027;25;41106;153
30;37260098;19;64229;44
30;42038982;26;50710;66
30;40394456;29;50223;0
30;38626153;20;44318;228
30;37627031;25;57069;17
30;44689590;33;56264;15
30;42398074;22;71712;183
30;41082383;30;40358;89
30;37433407;21;68901;22
31;44233369;27;56530;1
31;41074078;21;85308;5
31;40575895;25;63612;66
31;39862618;20;76337;31
31;37426149;23;55366;19
31;43261278;24;62418;83
31;43003807;26;70084;0
31;41218680;26;51903;4
31;37011218;19;87897;10
31;38463140;23;95965;80
31;43142965;20;60678;26
31;40925094;19;101768;17
31;43260708;26;42397;29
31;41409245;25;51502;12
31;43696923;24;59441;75
31;41141471;27;90506;7
31;44011647;22;61016;2
31;42866186;26;43266;149
31;44439359;24;57129;0
31;38328415;18;69678;200
31;38057830;25;48815;47
31;38283236;20;71053;44
31;38930195;29;111481;10
31;39826087;20;55426;0
31;39043461;25;63990;2
31;39043910;23;46561;61
31;40763105;30;42491;58
31;43703693;24;44667;30
31;44025443;24;70886;3
31;38782163;22;81861;40
31;42918464;23;46671;287
31;38642821;27;56034;1
31;45081201;20;95390;0
31;44915907;25;64261;1
31;45551920;34;62229;0
31;38352585;23;60790;25
31;38872760;28;93314;0
31;42138044;29;54003;28
31;42038686;23;50256;4
31;40758169;25;113099;4
32;39520516;24;41289;20
32;42845448;26;62251;84
32;44656493;26;52852;35
32;43551891;29;49215;34
32;45291126;28;47098;0
32;41322187;28;72020;4
32;39110756;30;95880;50
32;40841829;24;45154;102
32;43337319;30;37932;138
32;43757614;21;70378;0
32;44571225;30;103973;2
32;44523944;30;48457;24
32;42718410;29;59454;0
32;39965383;24;43850;91
32;41036168;23;63032;41
32;39760610;29;48740;0
32;40755396;31;47918;8
32;44650439;25;45573;0
32;45934248;29;57204;2
32;44480328;24;43393;23
32;38956426;25;66567;0
32;39220942;23;53476;0
32;41310813;31;41788;0
32;39024668;25;51312;0
32;45077342;29;54039;19
32;43357557;33;44954;0
32;45614589;31;54301;22
32;42055840;30;81122;11
32;37112360;22;125231;0
32;41601252;24;70154;2
32;45075643;27;49603;4
32;43624132;30;73166;69
32;44627636;27;46736;24
32;37992032;24;61784;73
32;45363342;28;49797;53
32;39329195;22;53422;9
32;42964445;30;91165;0
32;42902315;28;55432;2
32;45095499;27;63839;36
32;39111857;24;48336;19
33;43235900;28;57563;19
33;45835211;28;87890;113
33;40602459;26;40141;0
33;43867228;30;50742;0
33;40738210;24;42731;57
33;44316175;27;92981;31
33;45898735;25;56325;32
33;44918568;28;57875;61
33;39136553;27;82523;0
33;44546993;26;78708;34
33;45818241;27;65687;0
33;43297296;23;73930;18
33;43139405;20;51345;613
33;42997433;27;40180;1
33;42132943;25;49674;21
33;44778920;29;60309;0
33;43902273;26;52142;5
33;44095128;25;48794;8
33;47622711;25;101085;0
33;37894967;23;78939;7
33;45158973;26;40031;136
33;40629270;24;42024;25
33;40292866;25;39925;4
33;44594715;25;65650;13
33;38516667;21;90391;100
33;40646547;27;50345;16
33;42904860;25;38909;5
33;42728581;26;63625;0
33;42710888;26;56096;33
33;42773941;26;78235;89
33;43420360;20;52213;49
33;42676084;24;62887;21
33;44696603;25;79006;2
33;38243019;28;80433;4
33;46604954;29;74469;56
33;41987103;26;45376;30
33;41116757;24;41902;24
33;38765437;27;84383;31
33;41945260;22;42949;83
33;39243128;20;57913;11
34;46684688;24;79938;4
34;44838439;30;68363;11
34;38723933;21;113972;42
34;43795226;30;57428;2
34;39558093;19;56110;148
34;38433740;23;71039;28
34;44848690;25;44062;85
34;44029963;22;69366;68
34;45688815;36;38190;17
34;47305322;30;78457;42
34;44189375;26;48995;6
34;44710266;27;53291;70
34;40756759;25;45288;0
34;44226479;26;49555;13
34;46780406;33;59314;7
34;43005449;19;89839;67
34;43672456;25;71034;0
34;43149037;23;61332;68
34;43548848;31;71622;8
34;40765204;20;84615;139
34;41224862;23;84313;11
34;43513106;31;50547;0
34;46915925;25;79553;6
34;41558717;23;63092;1
34;43897452;24;52542;26
34;43590670;23;40593;203
34;40779762;22;41782;0
34;44353016;31;64383;18
34;44403657;33;43365;0
34;43063678;26;53966;8
34;40082870;21;40115;127
34;43712339;25;49419;13
34;43113854;26;73608;25
34;39847132;23;112063;26
34;44989675;32;85577;0
34;39581933;18;53490;320
34;44282864;23;126015;0
34;40101829;27;77911;40
34;41818734;25;52648;64
34;45594055;25;68185;183
34;42451056;23;57747;30
34;38682800;26;81459;0
35;42939990;27;46446;5
35;39526513;23;75191;34
35;42795559;31;109900;18
35;47369779;28;71559;63
35;39820021;23;60490;10
35;40085556;21;56701;172
35;39744626;28;53232;4
35;44838703;32;55012;0
35;43462453;30;43607;0
35;47389369;35;63492;0
35;44390414;32;68089;72
35;45074053;29;66984;49
35;40397278;21;84491;2
35;42739261;30;61454;0
35;43937685;24;69754;4
35;40257850;20;80930;27
35;39902099;21;78187;24
35;44201634;29;42577;5
35;45096170;28;72238;47
35;43438169;34;43475;0
35;45649935;25;79106;142
35;44110610;27;45821;45
35;39672974;26;81553;2
35;39274273;21;77202;0
35;45840724;30;56968;13
35;42745251;26;58011;0
35;48209427;36;53293;11
35;44248880;29;72592;0
35;44224274;27;74064;20
35;39642998;26;87839;0
35;43956814;30;49936;0
35;45124573;25;85792;20
35;43241753;32;52912;11
35;45752450;25;57367;13
35;40376349;23;49062;11
35;46510721;29;82282;7
35;41044806;25;39360;3
35;44186776;32;61476;80
35;40230670;21;46110;45
35;47420109;34;71811;37
35;41060795;22;56366;95
36;40075618;26;59888;2
36;40348379;29;48755;10
36;40177416;19;99353;91
36;46366977;29;73060;0
36;42496757;29;41751;29
36;44437848;29;55113;2
36;40326215;19;61603;15
36;40625371;23;57238;44
36;42713446;26;57642;22
36;39716694;26;50287;8
36;44308500;24;53228;484
36;44077995;31;36992;20
36;39853226;19;90252;4
36;45544449;29;49366;2
36;44628308;27;48253;13
36;47308534;28;78307;0
36;42658459;29;50078;26
36;43194589;27;108423;2
36;46890773;29;52651;16
36;40299462;28;80195;36
36;44484228;30;43855;34
36;40405472;24;61809;81
36;47064955;26;81241;0
36;42164229;23;74106;15
36;43978453;24;70349;0
36;42505063;26;53140;34
36;45561441;29;53335;78
36;41100159;22;70380;38
36;45349326;28;50687;0
36;43576621;28;48399;2
36;40114138;22;73140;26
36;43260939;28;48914;5
36;42535919;30;41913;0
36;47701479;21;96567;144
36;43304521;30;56744;0
36;46091838;21;96782;5
36;44378067;29;75759;18
36;45897561;26;50247;80
36;44719014;25;80515;63
36;40192423;27;58076;36
37;46342746;28;77277;4
37;45665732;33;60910;7
37;44667179;25;70311;15
37;44182247;28;52430;44
37;45538084;30;84322;22
37;40569514;21;67287;45
37;46177135;28;70863;0
37;41533459;25;60037;0
37;44205213;29;39129;36
37;46133981;32;40283;9
37;45951741;23;100416;16
37;40456310;27;64554;0
37;40829520;23;47139;0
37;44868517;30;59081;58
37;45596620;26;58186;79
37;44482793;22;77657;28
37;40827685;23;96540;48
37;40785902;23;91656;53
37;41058921;21;46206;187
37;44062775;23;82184;144
37;41221426;21;58029;294
37;46801937;27;68747;11
37;44574857;25;49341;8
37;45757335;27;64076;17
37;42903709;27;41381;11
37;46514947;28;48260;0
37;41647421;25;63152;27
37;40607837;23;54310;0
37;44566184;27;60355;24
37;44589115;27;71032;16
37;43732077;26;61814;35
37;40513337;24;51592;6
37;47664017;27;53598;16
37;44622342;30;41431;0
37;43145674;25;90000;48
37;41832273;27;60073;12
37;44370718;28;43363;4
37;45487183;27;53613;2
37;45580028;27;64879;144
37;40939598;27;60582;0
38;46710458;29;67774;25
38;44939959;29;47502;0
38;41419364;24;66478;0
38;44532349;24;53686;0
38;41679309;18;70794;152
38;41862251;32;51968;2
38;40881698;28;49061;14
38;45186712;33;43682;48
38;48052549;40;54888;30
38;41030430;23;83660;14
38;46820680;31;75746;139
38;40882360;21;97892;7
38;44155566;31;76917;0
38;45538420;26;42605;95
38;41757237;28;74590;1
38;45786748;25;75384;7
38;47936853;31;70559;45
38;40793679;23;64407;2
38;44852791;25;75332;44
38;44586413;24;75828;26
38;42005803;25;56749;40
38;45198348;28;47311;34
38;41934010;24;83001;23
38;46161304;25;43436;57
38;45256375;23;62273;217
38;44911960;26;63446;280
38;46933194;32;66587;0
38;44067446;31;51720;3
38;46821003;22;122714;0
38;45533459;21;127725;50
38;46515485;33;72880;0
38;43547523;29;52653;2
38;41124593;21;52356;78
38;45112644;28;61067;15
38;40780629;27;61042;18
38;46312048;33;142262;22
38;40808145;21;64605;40
38;40956333;21;48389;81
38;43733729;34;44684;0
38;43620839;28;42661;11
39;42619805;25;71796;75
39;43771208;27;54646;0
39;47308884;27;56463;68
39;44878513;22;43501;90
39;41963842;27;71649;7
39;46413023;24;49855;54
39;44262559;28;65667;11
39;41843531;23;80872;15
39;43937126;24;36904;49
39;41282499;24;64339;109
39;44772963;26;49645;25
39;41670102;27;72581;15
39;44835771;27;39955;101
39;41453103;25;70432;0
39;45541311;25;66789;1
39;42931309;28;54351;13
39;46773106;25;78036;51
39;46378988;30;64023;7
39;46308891;20;96760;63
39;40929276;24;69830;0
39;47162076;32;65284;23
39;43467152;26;87633;35
39;42007940;22;46415;18
39;45907295;25;56748;135
39;46913197;32;60343;1
39;42146727;26;56948;0
39;47366670;26;48212;10
39;46351292;27;52378;0
39;44328063;25;77416;8
39;43846598;32;61189;4
39;43460341;28;62290;1
39;46888276;33;64350;2
39;42623656;23;78931;14
39;46366772;23;44147;2
39;45633518;28;45583;28
39;43958939;29;46626;43
39;47893583;30;68730;29
39;43931436;25;45780;121
39;43210442;27;50611;16
39;42312512;28;42134;1
40;43034110;21;51157;0
40;46846549;31;81412;0
40;42980821;20;59116;277
40;42108067;27;60494;29
40;43402372;26;45584;0
40;42367684;22;47041;54
40;45463492;26;51405;123
40;43869367;34;52220;6
40;46987109;27;70426;102
40;45984553;27;69980;6
40;46887822;32;36411;8
40;44999123;31;52621;2
40;42578064;23;76453;35
40;45012777;27;42974;31
40;42249435;25;72641;82
40;42568581;25;69554;18
40;43311501;26;121723;79
40;41487449;31;60931;0
40;44571857;27;76489;20
40;47726635;25;62144;75
40;48582691;25;54408;26
40;47898347;23;81020;394
40;45997292;25;40847;321
40;45432703;27;42187;0
40;45366010;25;49770;36
40;46008124;28;41548;49
40;47522032;26;65180;173
40;42331598;25;58631;80
40;44754891;27;57561;44
40;46121275;27;79407;0
40;44116724;20;113247;46
40;45161483;28;67155;18
40;46521793;29;53762;10
40;47067883;33;59816;0
40;46275760;28;47678;1
40;46610760;28;69022;76
40;41693625;24;74859;2
40;45404421;30;57282;34
40;44522778;28;50947;2
40;41605158;23;100483;0